11,乾. 元亨利貞.,건은 크게 형통하고 바르게 하여 이롭다.,初九. 潛龍 勿用.,잠겨 있는 용이니 사용하지 말라.,九二. 見龍在田 利見大人.,나타난 용이 밭에 있으니 대인을 만나보는 것이 이롭다.,九三. 君子終日乾乾 夕惕若 厲 无咎.,군자는 종일 부지런히 힘쓰고 저녁에 두려워한다면 위태로우나 허물이 없다.,九四. 或躍在淵 无咎.,용이 혹 못에서 뛰어오르고 있으니 허물이 없다.,九五. 飛龍在天 利見大人.,나는 용이 하늘에 있으니 대인을 만나보는 것이 이롭다.,上九. 亢龍 有悔.,끝까지 올라간 용이니 뉘우침이 있다.,用九. 見羣龍无首 吉.,나타난 여러 용들의 우두머리가 없으니 길하다.
12,上天下澤 履 君子以 辯上下 定民志.,하늘이 위에 있고 못이 아래에 있는 것이 리괘(履卦)이니 군자가 그것을 본받아 위아래를 분별하고 백성의 뜻을 안정시킨다.,初九 素履 往 无咎,평소의 본분대로 가면 허물이 없을 것이다.,九二 履道坦坦 幽人貞吉.,다니는 길이 평탄하니 은자[幽人]라야 곧고 길하다.,六三 眇能視 跛能履. 履虎尾 咥人 凶 武人爲于大君.,애꾸눈이 볼 수 있고 절름발이가 걸을 수 있다. 그러나 호랑이 꼬리를 밟아서 사람이 물리니 흉하고 무인이 대군이 될 것이다.,九四 履虎尾 愬愬 終吉.,호랑이 꼬리를 밟으니 두려워하고 조심하면 마침내 길할 것이다.,九五 夬履 貞厲.,과감하게 결단하여 실행하니 곧게 하더라도 위태롭다.,上九 視履考祥 其旋元吉.,밟아 온 것을 보아 상서로운 것을 상고하되 두루 하면 크게 길할 것이다.,,
13,天與火同人 君子以 類族 辨物.,하늘과 불이 동인이니 군자가 그것을 본받아 류(類)와 족(族)으로 물(物)을 분별한다.,初九 同人于門 无咎.,사람들과 함께 하기를 문 밖에서 하니 허물이 없다.,六二 同人于宗 吝.,사람들과 함께 하기를 종친의 무리끼리 하니 부끄럽다.,九三 伏戎于莽 升其高陵 三歲不興.,숲속에 군사를 매복시키고 높은 언덕에 올라 삼 년 동안 일어나지 못한다.,九四 乘其墉 弗克攻 吉.,담에 올라가지만 공격하지 못하니 길하다.,九五 同人 先號咷而後笑 大師克 相遇.,사람들과 함께 하지만 먼저는 울부짖고 뒤에는 웃으니 큰 군사로 이겨야 서로 만날 것이다.,上九 同人于郊 无悔.,사람들과 함께 하기를 들에서 하니 후회가 없다.,,
14,天下雷行 物與无妄 先王以 茂對時 育萬物.,하늘 아래에 우레가 행하여 만물에 무망을 부여하니 선왕이 그것을 본받아 때에 성대하게 합하여 만물을 기른다.,初九 无妄 往吉.,무망이니 가는 것이 길하리라.,六二 不耕穫 不菑畬 則利有攸往.,밭을 갈지 않고서도 수확하며 일 년 된 밭을 만들지 않고서도 삼년 된 밭이 되니 가는 것이 이롭다.,六三 无妄之災 或繫之牛 行人之得 邑人之災.,무망의 재앙이니 혹 매어 놓은 소도 길 가는 사람의 소득이자 읍 사람의 재앙이다.,九四 可貞 无咎.,곧게 할 수 있으니 허물이 없다.,九五 无妄之疾 勿藥 有喜.,무망의 병은 약을 쓰지 않으면 기쁜 일이 있으리라.,上九 无妄行 有眚 无攸利,무망으로 행하면 허물이 있고 이로운 바가 없다.,,
15,天下有風 姤 后以 施命誥四方.,하늘 아래에 바람이 있는 것이 구(姤)이니 임금이 그것을 본받아 명령을 베풀어 사방에 알린다.,初六 繫于金柅 貞吉 有攸往 見凶 羸豕孚蹢躅.,쇠말뚝에 매어 놓으면 곧음이 길하고 갈 곳이 있으면 흉함을 당하리니 여윈 돼지가 뛰고 뛰는 데 믿음을 둔다.,九二 包有魚 无咎 不利賓.,꾸러미에 물고기가 있듯이 하면 허물이 없으리니 손님에게는 이롭지 않다.,九三 臀无膚 其行次且 厲 无大咎.,볼기에 살이 없으나 그 가는 것을 머뭇거리니 위태롭게 여기면 큰 허물이 없으리라.,九四 包无魚 起凶.,꾸러미에 물고기가 없으니 흉함이 일어나리라.,九五 以杞包瓜 含章 有隕自天.,박달나무 잎으로 오이를 싸니 아름다움을 머금으면 하늘로부터 떨어짐이 있으리라.,上九 姤其角 吝 无咎.,만남에 그 뿔이라서 부끄러우니 허물할 데가 없다.,,
16,天與水違行 訟. 君子以作事謀始.,하늘과 물이 어긋나게 운행하는 것이 송괘의 상이다. 군자는 이 괘상을 본받아 일을 도모함에 그 시작을 깊이 생각한다.,初六. 不永所事 小有言 終吉.,송사가 오래 가지 않으니 조금 말이 있으나 마침내 길하다.,九二. 不克訟 歸而逋 其邑人三百戶 无眚.,송사에 이기지 못하여 돌아가 도망을 가니 고을 사람 삼백 호가 재앙이 없다.,六三. 食舊德 貞 厲終吉. 或從王事 无成.,옛날의 덕을 먹으니 바르며 위태로우나 마침내 길하다. 혹 왕의 일을 따라도 이루는 것이 없다.,九四. 不克訟 復卽命渝. 安貞吉.,송사에 이기지 못하여 돌아오니 왕명이 바뀌었다. 바름에 안주하면 길하다.,九五. 訟 元吉.,송사에 크게 길하다.,上九. 或錫之鞶帶 終朝三褫之.,혹 왕이 허리띠를 내려주었으나 아침나절에 세 번 빼앗아 간다.,,
17,天下有山 遯 君子以 遠小人 不惡而嚴.,하늘 아래에 산이 있는 것이 돈(遯)이니 군자가 이를 본받아서 소인을 멀리하되 나쁜 소리로 하지 않고 위엄 있게 한다.,初六 遯尾 厲 勿用有攸往.,도피함[遯]의 꼬리라서 위태로우니 가는 바를 두지 말아야 한다.,六二 執之用黃牛之革. 莫之勝說.,황소의 가죽으로써 잡는다. 이루 다 말할 수가 없다.,九三 係遯. 有疾 厲 畜臣妾 吉.,매어 있으면서 도피해 있다. 병이 있어서 위태로우니 신첩을 기름에는 길하다.,九四 好遯 君子 吉 小人 否.,좋아하면서도 도피하는 것이니 군자는 길하고 소인은 비색하다.,九五 嘉遯 貞 吉.,아름다운 도피이니 곧아서 길하다.,上九 肥遯 无不利.,여유 있는 도피함이니 이롭지 않음이 없다.,,
18,天地不交 否 君子以 儉德辟難 不可榮以祿.,하늘과 땅이 교류하지 않는 것이 비이니 군자가 그것을 본받아 덕을 안으로 거두고 어려운 것을 피하여 봉록으로 영달해서는 안 된다.,初六 拔茅茹. 以其彙 貞 吉亨,띠 풀의 뿌리를 뽑는다. 그 무리로써 곧게 하니 길하여 형통하다.,六二 包承 小人 吉 大人 否 亨,포용하고 받드니 소인은 길하고 대인은 비색하니 형통하다.,六三 包羞.,품고 있는 것이 부끄럽다.,九四 有命 无咎 疇離祉.,임금의 명이 있으면 허물이 없어서 같은 무리가 모두 복을 누린다.,九五 休否. 大人 吉 其亡其亡 繫于苞桑.,비색한 것을 그치게 한다. 대인의 길함이니 망하게 되지나 않을까 망하게 되지나 않을까 해야 무더기로 난 뽕나무 뿌리에 맬 수 있다.,上九 傾否 先否 後喜.,비색한 것이 기울어지니 먼저 비색해지고 뒤에는 기뻐한다.,,
21,澤上於天 夬 君子以 施祿及下 居德則忌.,못이 하늘에 올라가는 것이 쾌(夬)이니 군자가 그것을 본받아 녹(祿)을 베풀어 아래에 미치며 덕에 거하여 금기사항을 법제화한다.,初九 壯于前趾 往不勝 爲咎.,발이 나아감에 씩씩하니 가서 이기지 못하면 허물이 되리라.,九二 惕號 莫夜 有戎 勿恤.,두려워 호령함이니 늦은 밤에 적군이 있더라도 걱정할 것이 없다.,九三 壯于頄 有凶 獨行遇雨 君子夬夬. 若濡有慍 无咎.,광대뼈에 씩씩하여 흉함이 있고 홀로 가면 비를 만나니 군자는 결단할 것을 결단한다. 젖는 듯이 하여 성냄이 있으면 허물이 없으리라.,九四 臀无膚 其行次且 牽羊 悔亡 聞言 不信.,볼기에 살이 없으며 그 감을 머뭇거리니 양을 끌듯하면 후회가 없겠으나 말을 듣더라도 믿지 않으리라.,九五 莧陸夬夬 中行 无咎.,비름나물을 결단하듯이 결단하면 중도(中道)를 행함에 허물이 없을 것이다.,上六 无號 終有凶.,호소할 수 없을 것이니 마침내 흉함이 있다.,,
22,麗澤 兌 君子以 朋友講習.,붙어 있는 못[澤]이 태(兌)이니 군자가 그것을 본받아 벗들과 강습한다.,初九 和兌 吉.,화합하여 기뻐함이니 길하다.,九二 孚兌 吉 悔亡.,믿어서 기뻐함이니 길하고 후회가 없어진다.,六三 來兌 凶.,와서 기뻐함이니 흉하다.,九四 商兌未寧 介疾 有喜.,기뻐함을 헤아려 편안하지 못하니 절개를 지켜 사악함을 미워하면 기쁨이 있으리라.,九五 孚于剝 有厲.,양(陽)을 사그라지게 하는 것을 믿으면 위태로움이 있으리라.,上六 引兌.,이끌어서 기뻐함이다.,,
23,澤中有火 革 君子以 治歷明時.,못 가운데 불이 있는 것이‘혁’이니 군자가 그것을 본받아 역수(歷數)를 계산하여 때를 밝힌다.,初九 鞏用黃牛之革.,황소 가죽으로 묶는다.,六二 已日 乃革之 征吉 无咎.,시일이 지나서야 변혁할 수 있으니 그대로 가면 길하여 허물이 없을 것이다.,九三 征凶. 貞厲 革言三就 有孚.,가면 흉하니 바름을 지키고 위태로운 마음을 가져야 한다. 변혁해야 한다는 말이 세 번 합하면 믿음이 있을 것이다.,九四 悔亡 有孚 改命吉.,후회가 없으니 믿음이 있으면 명(命)을 고쳐 길할 것이다.,九五 大人虎變 未占 有孚.,대인이 호랑이가 변하듯 변하니 점치지 않고도 믿음이 있다.,上六 君子豹變 小人革面 征凶 居貞吉.,군자는 표범이 변하듯 변하고 소인은 얼굴만 바뀌니 가면 흉하고 바름에 거처하면 길할 것이다.,,
24,澤中有雷隨 君子以 嚮晦入宴息.,못[澤] 가운데에 우레가 있는 것이 수(隨)이니 군자가 그것을 본받아 날이 어둠을 향하면 안에 들어가 편안하게 쉰다.,初九 官有渝 貞吉 出門交 有功.,주장하여 지키던 것이 변하였으니 곧게 하면 길하니 문을 나가 사귀면 공이 있을 것이다.,六二 係小子 失丈夫.,어린아이에게 얽매이면 장부(丈夫)를 잃는다.,六三 係丈夫 失小子 隨有求得 利居貞.,장부에 얽매여서 어린아이를 잃으니 따름에 구하던 것을 얻으나 곧음에 거하는 것이 이롭다.,九四 隨有獲 貞凶. 有孚在道以明 何咎.,사람들을 따라서 그 마음을 얻으면 곧더라도 흉하다. 믿음이 있고 도가 있고 밝으면 무슨 허물이 있겠는가?,九五 孚于嘉 吉.,선(善)에 대해 믿으니 길하다.,上六 拘係之 乃從維之 王用亨于西山.,붙잡아 매고 따라서 동여매니 임금이 서쪽 산에서 형통하게 하였다.,,
25,澤滅木 大過 君子以 獨立不懼 遯世无悶.,못이 나무를 없애는 것이 대과(大過)이니 군자가 그것을 본받아 홀로 서서 두려워하지 않으며 세상을 피하여 은둔하여도 근심하지 않는다.,初六 藉用白茅 无咎.,자리를 까는데 흰 띠풀을 사용하니 허물이 없다.,九二 枯楊 生稊 老夫 得其女妻[주 52] 无不利.,마른 버드나무에 뿌리가 생기며 늙은 남자가 젊은 아내를 얻으니 이롭지 않음이 없다.,九三 棟橈 凶.,들보가 휘어지니 흉하다.,九四 棟隆 吉 有它 吝.,들보가 솟으니 길하지만 다른 데에 마음을 두면 부끄러우리라.,九五 枯楊 生華 老婦 得其士夫 无咎无譽.,마른 버드나무에 꽃이 피며 늙은 부인이 젊은 남자[士夫][주 90]를 얻는 것이니 허물이 없으나 명예도 없을 것이다.,上六 過涉滅頂 凶 无咎.,지나치게 건너 이마까지 빠져 흉하니 탓할 데가 없다.,,
26,澤无水困 君子以 致命遂志.,못에 물이 없는 것이 곤괘이니 군자가 그것을 보고서 명을 지극히 하여 뜻을 이룬다.,初六 臀困于株木. 入于幽谷 三歲不覿.,엉덩이가 나무 등걸 때문에 어렵다. 어두운 골짜기로 들어가서 삼년이 지나도 만나보지 못한다.,九二 困于酒食 朱紱方來 利用亨祀 征凶无咎.,술과 밥 때문에 어려우나 주색 슬갑이 바야흐로 오리니 향사에 쓰는 것이 이롭다. 가면 흉하니 허물할 데가 없다.,六三 困于石 據于蒺藜. 入于其宮 不見其妻 凶.,돌 때문에 어려우며 가시나무에 앉아 있다. 집에 들어가도 아내를 만나보지 못하니 흉하다.,九四 來徐徐 困于金車 吝有終.,느리게 오는 것은 쇠수레 때문에 어려워서이니 부끄러울 만하나 잘 마칠 것이다.,九五 劓刖 困于赤紱 乃徐有說 利用祭祀.,코를 베이고 발을 베이니 적색 슬갑 때문에 어려우나 늦게는 기쁨이 있으리니 제사에 쓰는 것이 이롭다.,上六 困于葛藟于臲卼 曰動悔 有悔 征吉.,칡넝쿨과 위태로움 때문에 어려우니 움직이면 후회가 있을 것이라고 말하며 후회하는 마음을 가지면 가는 것이 길하다.,,
27,山上有澤 咸 君子以 虛受人.,산위에 못이 있는 것이 함(咸)이니 군자가 이를 본받아서 마음을 비워 사람을 받아들인다.,初六 咸其拇.,그 발가락에서 느낀다.,六二 咸其腓 凶 居 吉.,장딴지에서 느끼면 흉하니 그대로 있으면 길하리라.,九三 咸其股. 執其隨 往 吝.,넓적다리에서 느낀다. 따르는 데에만 집착하니 가면 부끄럽다.,九四 貞 吉 悔亡 憧憧往來 朋從爾思.,곧으면 길하여 후회가 없으리니 자주 가고 오면 벗만 네 생각을 따를 것이다.,九五 咸其脢 无悔.,등살에서 느끼니 후회가 없으리라.,上六 咸其輔頰舌.,볼과 뺨과 혀에서 느낀다.,,
28,澤上於地 萃 君子以 除戎器 戒不虞.,못이 땅보다 올라가 있는 것이 취이니 군자가 그것을 본받아 무기를 정비하여 예기치 못함에 대비한다.,初六 有孚 不終 乃亂乃萃 若號 一握爲笑 勿恤 往 无咎.,믿지만 끝까지 하지 못하면 이에 혼란하고 이에 모이니 부르짖으면 비웃겠지만 근심하지 말고 가면 허물이 없을 것이다.,六二 引吉 无咎 孚乃利用禴.,끌어당기면 길하여 허물이 없으니 정성이 있어야 검소한 약 제사로 함이 이롭다.,六三 萃如嗟如 无攸利 往无咎 小吝.,모이려다가 한탄하지만 이로운 것이 없으니 가면 허물이 없지만 조금 부끄럽다.,九四 大吉 无咎.,크게 길하여야 허물이 없다.,九五 萃有位 无咎 匪孚 元永貞 悔亡.,모임에 지위가 있고 허물이 없는데 믿지 않을 경우에는 크고 영원하며 바르게 하니 뉘우침이 없게 된다.,上六 齎咨涕洟 无咎.,한탄하며 눈물과 콧물을 흘리니 허물할 데가 없다.,,
31,火在天上 大有 君子以 遏惡揚善 順天休命.,불이 하늘 위에 있는 것이 대유(大有)이니 군자가 그것을 본받아 악을 막고 선을 드날려서 하늘의 아름다운 명을 따른다.,初九 无交害 匪咎 艱則无咎.,해로운 데에 교섭함이 없으니 허물은 아니지만 어렵게 여기면서 처신하면 허물이 없다.,九二 大車以載 有攸往 无咎.,큰 수레로 실으니 가는 바가 있어서 허물이 없다.,九三 公用亨于天子 小人 弗克.,공이 천자에게 형통하도록 하니 소인은 능하지 못한다.,九四 匪其彭 无咎.,지나친 풍성함에 처하지 않도록 하면 허물이 없다.,六五 厥孚交如 威如 吉.,믿음으로 사귀니 위엄 있게 하면 길하다.,上九 自天祐之 吉无不利.,하늘로부터 도움을 받아 길하여 이롭지 않음이 없다.,,
32,上火下澤 睽 君子以 同而異.,위는 불이고 아래는 못인 것이 규(睽)이니 군자가 그것을 본받아 같게 하면서도 다르게 한다.,初九 悔亡 喪馬 勿逐 自復 見惡人 无咎.,후회가 없어지니 말[馬]을 잃고 쫓지 않아도 스스로 돌아오니 나쁜 사람을 만나면 허물이 없다.,九二 遇主于巷 无咎.,임금을 골목에서 만나면 허물이 없다.,六三 見輿曳 其牛掣 其人天且劓 无初有終.,수레가 끌리고 소가 가로막으며 그 사람이 머리가 깎이고 또 코가 베임을 보니 처음은 없고 끝이 있다.,九四 睽孤 遇元夫 交孚 厲无咎.,어긋남에 외로워 착한 남편을 만나 서로 믿으니 위태하나 허물이 없다.,六五 悔亡 厥宗 噬膚 往 何咎.,후회가 없어지니 그 친족이 살을 깨물면 감에 무슨 허물이 있겠는가?,上九 睽孤 見豕負塗 載鬼一車. 先張之弧 後說之弧 匪寇 婚媾 往遇雨則吉.,어긋남에 외로워 돼지가 진흙을 짊어진 것과 귀신이 한 수레 실려 있음을 본다. 먼저 활줄을 당겼다가 뒤에 활줄을 풀어놓으니 도적이 아니라 혼구(婚媾)이다. 가서 비를 만나면 길하다.,,
33,明兩作 離 大人以 繼明 照于四方.,밝음이 둘인 것이 리(離)가 되니 대인이 그것을 본받아 밝음을 이어 사방을 비춘다.,初九 履錯然 敬之 无咎.,발자국이 엇갈리니 공경하면 허물이 없을 것이다.,六二 黃離 元吉.,황색에 붙음이니 크게 선하고 길하다.,九三 日昃之離 不鼓缶而歌 則大耋之嗟 凶.,해가 기울어 걸려 있으니 질장구를 두드려 노래하지 않으면 너무 늙음을 한탄하는 것이므로 흉하다.,九四 突如其來如 焚如 死如 棄如.,돌연히 오기 때문에 불타오르며 죽으며 버려진다.,六五 出涕沱若 戚嗟若 吉.,눈물을 줄줄 흘리며 근심하고 한탄하니 길할 것이다.,上九 王用出征 有嘉折首 獲匪其醜 无咎.,왕이 출정하면 아름다움이 있을 것이니 괴수(魁首)만 베고 잡은 것이 일반 무리가 아니면[주 87] 허물이 없을 것이다.,,
34,雷電噬嗑 先王以 明罰勅法.,우레와 번개가 서합(噬嗑)이니 선왕이 그것을 본받아 형벌을 밝히고 법령을 정비하였다.,初九 屨校 滅趾 无咎.,형틀을 채워 발꿈치를 상하게 하니 허물이 없다.,六二 噬膚 滅鼻 无咎.,살을 깨물되 코를 없어지게 하니 허물이 없다.,六三 噬腊肉 遇毒 小吝 无咎.,포를 씹다가 독을 만났으니 조금 부끄러우나 허물은 없을 것이다.,九四 噬乾胏 得金矢 利艱貞 吉.,뼈에 붙은 마른 고기를 씹어 금과 화살을 얻으나 어렵고 곧게 함이 이로우니 길하리라.,六五 噬乾肉. 得黃金 貞厲无咎.,마른 고기를 씹어 황금을 얻었으니 곧고 위태롭게 여기면 허물이 없으리라.,上九 何校 滅耳 凶.,형틀을 채워서 귀를 없어지게 하였으니 흉하다.,,
35,木上有火 鼎 君子以 正位凝命.,나무 위에 불이 있음이 정(鼎)이니 군자가 그것을 본받아 자리를 바르게 하여 중후하게 명한다.,初六 鼎顚趾 利出否 得妾 以其子 无咎.,솥이 발이 넘어졌으나 나쁜 것이 나와 이로우니 첩을 얻으면 그 남자를 도와서 허물이 없게 할 것이다.,九二 鼎有實 我仇有疾 不我能卽 吉.,솥에 담겨진 물건이 있으나 나의 상대가 병이 있으니 나에게 오지 못하게 하면 길할 것이다.,九三 鼎耳革 其行塞 雉膏不食 方雨 虧悔 終吉.,솥귀가 변하여 그 가는 것이 막혀서 꿩고기를 먹지 못하나 장차 비가 내려서 부족하다는 후회가 마침내 길하게 될 것이다.,九四 鼎折足 覆公餗 其形渥. 凶.,솥발이 부러져서 공(公)에게 바칠 음식을 엎었으니 그 얼굴이 붉어진다. 흉하도다!,六五 鼎黃耳金鉉 利貞.,육오는 누런 솥귀에 금으로 장식한 현(鉉)이니 곧음이 이롭다.,上九 鼎玉鉉 大吉 无不利.,솥이 옥(玉)으로 장식한 현(鉉)이니 크게 길하여 이롭지 않음이 없다.,,
36,火在水上 未濟 君子以 愼辨物 居方.,불이 물 위에 있는 것이 미제(未濟)이니 군자가 그것을 본받아 삼가 사물을 분별하여 제자리에 있게 한다.,初六 濡其尾 吝.,꼬리를 적셨으니 부끄럽다.,九二 曳其輪 貞吉.,수레바퀴를 뒤로 끌듯이 하여 느리게 하면 바르게 하여 길하리라.,六三 未濟征凶 利涉大川.,미제(未濟)에서 가면 흉하지만 큰 내를 건너는 것이 이롭다.,九四 貞吉 悔亡 震用伐鬼方 三年 有賞于大國.,곧으면 길하여 후회가 없어지리니 진동하여 귀방(鬼方)을 정벌해서 삼년이어야 큰 나라에서 상이 있다.,六五 貞吉 无悔 君子之光 有孚 吉.,곧아서 길하여 후회가 없으니 군자의 빛남은 믿음이 있어서 길하다.,上九 有孚于飮酒 无咎 濡其首 有孚 失是.,술을 마시는 데에 믿음을 두면 허물이 없지만 그 머리를 적시면 믿음을 가지는 데에 옳음을 잃으리라.,,
37,山上有火旅 君子以 明愼用刑 而不留獄.,산 위에 불이 있는 것이 려(旅)이니 군자가 그것을 본받아 형(刑)을 쓰는 것을 밝게 하고 삼가며 옥사를 지체하지 않는다.,初六 旅瑣瑣 斯其所取災.,나그네가 자잘하니[𤨏𤨏] 이는 그 재앙을 취함이다.,六二 旅卽次 懷其資 得童僕貞.,나그네가 머무는 곳에 나아가 물자(物資)를 간직하고 동복(童僕)의 곧음을 얻는다.,九三 旅焚其次 喪其童僕貞 厲.,나그네가 머무는 곳을 불태우고 동복(童僕)의 곧음을 잃었으니 위태롭다.,九四 旅于處 得其資斧 我心不快.,나그네가 거처하고 물자(物資)와 도끼를 얻으나 내 마음이 유쾌하지 않다.,六五 射雉一矢亡. 終以譽命.,꿩을 쏘아 화살 하나에 잡는 것이다. 끝내 명성과 복록으로써 한다.,上九 鳥焚其巢 旅人 先笑後號咷. 喪牛于易 凶.,새가 둥지를 불태우니 나그네[旅人]가 먼저는 웃고 뒤에는 울부짖는다. 쉽게 하는 데에서 소를 잃으니 흉하다.,,
38,明出地上 晉 君子以 自昭明德.,밝음이 땅 위로 솟아나옴이 진(晉)이니 군자가 그것을 본받아 밝은 덕을 스스로 밝힌다.,初六 晉如摧如 貞吉 罔孚 裕 无咎.,나아가거나 물러남에 곧으면 길하고 믿어주지 않더라도 여유로우면 허물이 없다.,六二 晉如愁如 貞 吉 受玆介福于其王母.,나아감이 근심스럽지만 곧으면 길하니 큰 복을 왕모에게서 받는다.,六三 衆允 悔亡.,무리가 믿어주니 후회가 없다.,九四 晉如鼫鼠 貞 厲.,나아감이 쥐와 같으니 고집스러우면 위태롭다.,六五 悔亡 失得勿恤 往吉 无不利.,후회가 없으니 잃고 얻음을 근심하지 말며 가는 것이 길하여 이롭지 않음이 없다.,上九 晉其角 維用伐邑 厲 吉 无咎 貞吝.,뿔에 나아감이니 읍을 정벌하는 데에만 사용하면 사납지만 길하고 허물이 없으며 곧음에 대해서는 부끄럽다.,,
41,雷在天上 大壯 君子以 非禮弗履.,우레가 하늘에 있는 것이 대장(大壯)이니 군자가 그것을 본받아 예가 아니면 실천하지 않는다.,初九 壯于趾 征 凶有孚.,발에 장성하여 가면 흉함이 틀림없이 있게 된다.,九二 貞吉.,곧아서 길하다.,九三 小人用壯 君子用罔 貞厲 羝羊觸藩 羸其角.,소인은 장성함을 사용하고 군자는 멸시함을 사용하니 곧으면 위태롭고 숫양이 울타리를 받아서 그 뿔이 위태롭다.,九四 貞吉 悔亡 藩決不羸 壯于大輿之輹.,곧으면 길하여 뉘우침이 없게 되니 울타리가 터져서 곤궁하지 않게 되며 큰 수레의 바퀴살이 장성하다.,六五 喪羊于易 无悔.,양의 장성함을 상냥함으로 잃게 하면 뉘우침이 없게 된다.,上六 羝羊觸藩 不能退 不能遂 无攸利 艱則吉.,숫양이 울타리를 들이받아서 물러가지도 못하고 나아가지도 못하여 이로운 바가 없으니 어려우면 길하게 된다.,,
42,澤上有雷 歸妹 君子以 永終 知敝.,연못 위에 우레가 있는 것이 귀매(歸妹)이니 군자가 그것을 본받아 끝을 영구하게 하여 사물에 무너짐이 있음을 안다.,初九 歸妹以娣 跛能履 征吉.,여동생을 잉첩으로 시집보내니 절름발이가 걸을 수 있어 가면 길하다.,九二 眇能視 利幽人之貞.,애꾸눈으로 볼 수 있으니 그윽하고 조용한 자의 곧음이 이롭다.,六三 歸妹以須 反歸以娣.,여동생을 기다림으로써 시집보내니 다시 돌아와 잉첩이 되어야 한다.,九四 歸妹愆期 遲歸有時.,여동생을 시집보냄에 혼기를 지나치니 지체하여 돌아감에 때가 있기 때문이다.,六五 帝乙歸妹 其君之袂 不如其娣之袂良 月幾望 吉.,제을이 여동생을 시집보내니 정처의 소매가 잉첩의 소매보다 아름답지 못하니 달이 거의 보름에 가까우면 길하다.,上六 女承筐无實 士刲羊无血 无攸利.,여자가 광주리를 받지만 담겨진 물건이 없다. 남자가 양을 베었으나 피가 없으니 이로울 것이 없다.,,
43,雷電皆至 豊 君子以 折獄致刑.,우레와 번개가 모두 이르는 것이 풍(豊)이니 군자가 그것을 본받아서 옥사를 결단하고 형벌을 집행한다.,初九 遇其配主 雖旬 无咎 往 有尙.,짝이 되는 주인을 만나되 비록 똑같으나 허물이 없으니 가면 가상(嘉尙)함이 있을 것이다.,六二 豊其蔀 日中見斗 往 得疑疾 有孚發若 吉.,가리개[蔀]가 풍성하여 대낮에도 북두성을 보며 가면 의심과 미움을 얻으리니 믿음을 갖고 감동하여 분발하면 길하리라.,九三 豊其沛. 日中見沬 折其右肱 无咎.,장막이 풍성하다. 대낮에도 작은 별을 보고 오른팔이 부러졌으니 허물할 데가 없다.,九四 豊其蔀 日中見斗 遇其夷主 吉.,가리개가 풍성하여 대낮에도 북두성을 보니 대등한 상대[夷主]를 만나면 길하다.,六五 來章 有慶譽 吉.,빛난 것을 오게 하면 경사와 명예가 있어 길하리라.,上六 豊其屋 蔀其家. 闚其戶 闃其无人 三歲 不覿 凶.,집을 풍성하게 하고 집에 가리개를 쳐놓는다. 그 문을 엿보니 고요하여 사람이 없어서 삼년이 되어도 보지 못하니 흉하다.,,
44,洊雷 震 君子以 恐懼脩省.,벼락이 거듭된 것이 ‘진(震)’이니 군자가 그것을 본받아 두려워하여 닦으며 살핀다.,初九 震來虩虩 後 笑言啞啞 吉.,우레가 올 때에 조마조마 해야 뒤에 웃음과 말함이 하하 할 것이니 길하다.,六二 震來厲 億喪貝 躋于九陵 勿逐 七日得.,우레가 옴이 사나워 재물을 잃을 것을 헤아려 아홉 언덕에 오르니 쫓지 말면 이레 만에 얻으리라.,六三 震蘇蘇 震行 无眚.,우레가 쳐 비실비실 하니 떨쳐 가면 허물이 없으리라.,九四 震 遂泥.,우레가 진흙탕에 떨어진다.,六五 震 往來 厲 億 无喪有事.,우레가 왕래함이 위태로우니 헤아려 있는 일을 잃음이 없게 할 것이다.,上六 震 索索 視 矍矍 征 凶. 震不于其躳 于其鄰 无咎 婚媾 有言.,우레가 시들시들하여 눈을 두리번두리번 하니 가면 흉하다. 우레가 그 몸에 치지 않고 그 이웃에 칠 때에 하면 허물이 없으리니 혼인은 원망하는 말이 있을 것이다.,,
45,雷風 恒 君子以 立不易方.,우레와 바람이 항(恒)이니 군자가 그것을 본받아 서서 방소(方所)를 바꾸지 않는다.,初六 浚恒. 貞 凶 无攸利.,깊게 항상되게 함이다. 곧게 고집하여 흉하니 이로운 바가 없다.,九二 悔亡.,후회가 없어지리라.,九三 不恒其德. 或承之羞 貞 吝.,그 덕을 항상되게 하지 않음이다. 혹 부끄러움이 이를 것이니 곧으면 부끄러우리라.,九四 田无禽.,사냥을 하지만 잡은 짐승이 없다.,六五 恒其德 貞 婦人 吉 夫子 凶.,그 덕을 항상되게 하면 바르니 부인은 길하고 남자[夫子]는 흉하다.,上六 振恒 凶.,진동하는 항(恒)이니 흉하다.,,
46,雷雨作 解 君子以 赦過宥罪.,우레와 비가 일어남이 해(解)이니 군자가 그것을 본받아 과실을 사면하고 죄를 용서한다.,初六 无咎.,허물이 없다.,九二 田獲三狐 得黃矢 貞 吉.,사냥하여 세 마리 여우를 잡아 누런 화살을 얻으니 곧게 하여 길하다.,六三 負且乘 致寇至 貞吝.,짊어져야 하는데 또 올라탔기에 도적을 오게 하니 곧게 하더라도 부끄러우리라.,九四 解而拇 朋至 斯孚.,너의 엄지발가락을 풀면 벗이 와서 믿을 것이다.,六五 君子維有解 吉 有孚于小人.,군자가 오직 풀음이 있으면 길하니 소인에게서 증험이 있을 것이다.,上六 公用射隼於高墉之上 獲之 无不利.,공(公)이 높은 담 위에서 새매를 쏘아 잡음이니 이롭지 않음이 없다.,,
47,山上有雷小過 君子以 行過乎恭 喪過乎哀 用過乎儉.,산 위에 우레가 있는 것이 소과(小過)이니 군자가 그것을 본받아 행동에는 공손함을 지나치게 하며 상사(喪事)에는 슬픔을 지나치게 하며 씀에는 검소함을 지나치게 한다.,初六 飛鳥 以凶.,나는 새처럼 빠르니 흉하다.,六二 過其祖 遇其妣 不及其君 遇其臣 无咎.,할아버지를 지나가 할머니를 만나니 임금에게 미치지 않고 신하의 도에 맞게 하면 허물이 없으리라.,九三 弗過防之 從或戕之 凶.,지나치게 방비하지 않으면 따라서 혹 해친다. 그리하여 흉하리라.,九四 无咎 弗過 遇之 往 厲 必戒 勿用永貞.,허물이 없으니 지나치지 아니하여 맞도록 하니 가면 위태로우므로 반드시 경계하여야 하며 오래하고 곧게 함을 쓰지 말아야 한다.,六五 密雲不雨 自我西郊 公 弋取彼在穴.,구름이 빽빽하나 비가 오지 않음은 우리 서쪽들로부터 하기 때문이니 공(公)이 저 구멍에 있는 것을 쏘아서 잡도다.,上六 弗遇 過之 飛鳥離之 凶 是謂災眚.,도리와 맞지 못하여 지나치니 나는 새가 멀리 떠나가는지라 흉하니 이를 재생(災眚)이라 이른다.,,
48,雷出地奮豫. 先王以 作樂崇德 殷薦之上帝 以配祖考.,우레가 땅에서 나와 떨치는 것이 예괘이다. 선왕이 그것을 본받아 음악을 지어 덕을 높임으로써 상제께 크게[殷] 제사를 올려 조상까지도 함께 제사한다.,初六 鳴豫 凶.,즐거움을 소리 내니 흉하다.,六二 介于石. 不終日 貞吉.,절개가 돌이다. 날이 저물도록 기다리지 않으니 바르게 하기에 길하다.,六三 盱豫 悔. 遲 有悔.,올려다보며 즐거워하니 후회하게 될 것이다. 머뭇거려도 후회가 있을 것이다.,九四 由豫 大有得. 勿疑 朋盍簪.,그 자신으로 말미암아 즐거워하므로 크게 얻음이 있다. 의심하지 않으면 벗들이 모여들리라.,六五 貞 疾 恒不死.,바르지만 늘 병을 앓고 죽지는 않는다.,上六 冥豫 成 有渝无咎.,즐거움에 빠져 어두우니 그렇게 이루어졌더라도 변함이 있으면 허물이 없을 것이다.,,
51,風行天上 小畜 君子以 懿文德.,바람이 하늘 위에 행함이 소축이니 군자가 그것을 본받아서 문덕을 아름답게 한다.,初九 復自道 何其咎. 吉.,회복함이 도로부터 함이니 무엇이 허물이겠는가? 길하다.,九二 牽復 吉.,이끌어 회복함이니 길하다.,九三 輿說輻 夫妻反目.,수레에 바큇살이 벗겨지며 부부가 반목함이다.,六四 有孚 血去 惕出 无咎.,믿음을 가지면 피가 사라지고 두려움에서 나와 허물이 없다.,九五 有孚 攣如 富以其鄰.,믿음을 갖는다. 이끌어서 부(富)를 그 이웃과 함께 한다.,上九 旣雨旣處 尙德 載 婦貞 厲.,이미 비가 오고 이미 그침은 덕을 숭상하여 가득 참이니 아내가 고집하면 위태롭다.,,
52,澤上有風 中孚 君子以 議獄緩死.,못 위에 바람이 있는 것이 중부이니 군자가 그것을 본받아 옥사를 의논하며 사형을 늦춘다.,初九 虞 吉 有他 不燕.,헤아리면 길하니 다른 마음이 있으면 편안하지 못하다.,九二 鳴鶴在陰 其子和之 我有好爵 吾與爾靡之.,우는 학이 그늘에 있으니 그 새끼가 화답한다. 내게 좋은 벼슬이 있으니 나와 네가 함께 매어 있도다.,六三 得敵 或鼔或罷 或泣或歌.,적을 만나 북을 울렸다가 그만두었다가 울었다가 노래했다가 한다.,六四 月幾望 馬匹亡 无咎,달이 거의 보름이니 말의 짝이 없어지면 허물이 없을 것이다.,九五 有孚攣如 无咎,미더움이 있는 것을 잡아당기듯이 하면 허물이 없을 것이다.,上九 翰音登于天 貞凶.,날아가는 소리가 하늘로 올라가니 고집하여 흉하다.,,
53,風自火出 家人 君子以 言有物而行有恒.,바람이 불로부터 나옴이 가인이니 군자가 그것을 본받아 말에 사실이 있고 행동에 일정함이 있다.,初九 閑有家 悔亡.,집안을 이룸에 방비하면 후회가 없어진다.,六二 无攸遂 在中饋 貞吉.,이루는 바가 없고 집안에서 먹이면 바르게 되어 길하다.,九三 家人嗃嗃 悔厲吉 婦子嘻嘻 終吝.,가인이 원망하니 엄격함에 후회하지만 길하니 부인과 자식이 희희덕거리면 마침내 부끄럽게 된다.,六四 富家 大吉.,집안이 부유함이니 크게 길하다.,九五 王假有家 勿恤 吉.,왕이 집안을 이룸에 지극하니 근심하지 않아 길하다.,上九 有孚威如 終吉.,믿음을 갖고 위엄으로 하면 마침내 길하리라.,,
54,風雷益 君子以 見善則遷 有過則改.,바람과 우레가 익(益)이니 군자가 그것을 본받아 착함을 보면 옮겨가고 허물이 있으면 고친다.,初九 利用爲大作 元吉 无咎.,크게 일을 일으킴이 이로우니 크게 길해야 허물이 없다.,六二 或益之 十朋之. 龜弗克違 永貞 吉 王用享于帝 吉.,혹 보태면 벗이 열이다. 거북도 어기지 못할 것이나 영원히 곧게 하면 길하니 임금이 상제께 제사지내더라도 길하다.,六三 益之用凶事 无咎 有孚中行 告公用圭.,보태줌을 흉한 일에 쓰면 허물은 없겠으나 믿음을 가지고 알맞게 행하여야하니 공(公)에게 고하되 홀을 쓰듯 해야 한다.,六四 中行 告公從 利用爲依 遷國.,알맞게 행하면 공에게 고하여 따를 것이니 써서 의지하며 나라를 옮기는 것이 이롭다.,九五 有孚惠心. 勿問 元吉 有孚 惠我德.,은혜로운 마음에 믿음이 있다. 묻지 않아도 크게 선해서 길하니 믿음이 있어서 나의 덕을 은혜롭게 여긴다.,上九 莫益之. 或擊之. 立心勿恒 凶.,보태주는 이가 없으니 혹 칠 것이다. 항상 (이익에) 마음을 세워서는 안되니 흉하다.,,
55,隨風 巽 君子以 申命行事.,따르는 바람이 손(巽)이니 군자가 그것을 본받아 명령을 거듭 내려 정사를 행한다.,初六 進退 利武人之貞.,나아가고 물러나니 무인(武人)의 곧음이 이롭다.,九二 巽在牀下 用史巫紛若 吉 无咎.,겸손함이 상(牀) 아래에 있으니 사관(史官)과 무당을 쓰기를 많이 하면 길하고 허물이 없을 것이다.,九三 頻巽 吝.,자주 겸손하니 부끄럽다.,六四 悔亡 田獲三品.,후회가 없어지니 사냥을 하여 삼품(三品)의 짐승을 얻는다.,九五 貞 吉 悔亡 无不利 无初有終. 先庚三日 後庚三日 吉.,곧게 하면 길하여 후회가 없어서 이롭지 않음이 없으니 처음은 없고 끝은 있다. 경(庚)에서 삼일을 먼저 하고 경(庚)에서 삼일을 뒤에 하면 길하리라.,上九 巽在牀下 喪其資斧 貞 凶.,겸손함이 상(牀) 아래에 있어서 물자와 도끼를 잃으니 곧음에 흉하다.,,
56,風行水上 渙 先王 以 享于帝 立廟.,바람이 물 위에서 부는 것이 환(渙)이니 선왕이 이것을 본받아 상제에게 제향하고 사당을 세운다.,初六 用拯 馬壯 吉.,구원하되 말이 건장하니 길(吉)하다.,九二 渙 奔其机 悔亡.,흩어짐에 궤로 달려가면 후회가 없어지리라.,六三 渙 其躬 无悔.,흩어짐에 그 몸만 후회가 없다.,六四 渙 其群 元吉 渙 有丘 匪夷所思.,흩어짐에 무리를 이루기 때문에 크게 길하니 흩어짐에 언덕처럼 많이 모임은 보통 사람이 생각할 바가 아니다.,九五 渙 汗其大號 渙 王居 无咎.,흩어지는 때에 큰 호령을 내되 땀이 나듯 하면 흩어짐에 대처함에 왕의 거처에 걸맞으니 허물이 없으리라.,上九 渙 其血 去 逖(惕) 出 无咎.,흩어짐에 그 피가 제거되며 두려움에서 벗어나게 하면 허물이 없으리라.,,
57,山上有木漸 君子以 居賢德 善俗.,산 위에 나무가 있는 것이 점(漸)이니 군자가 그것을 본받아 현명한 덕에 머물러 풍속을 선하게 했다.,初六 鴻漸于干 小子厲 有言 无咎.,기러기가 물가로 점진적으로 나아가니 어린이는 위태로워서 말은 있지만 허물은 없다.,六二 鴻漸于磐 飮食衎衎 吉.,기러기가 반석으로 점진적으로 나아가니 음식을 먹음이 즐거워 길하다.,九三 鴻漸于陸 夫征 不復 婦孕 不育 凶 利禦寇.,기러기가 평원으로 점진적으로 나아가니 남편이 가면 돌아오지 않고 부인은 잉태를 하더라도 양육을 못하여 흉하니 적을 막음이 이롭다.,六四 鴻漸于木 或得其桷 无咎.,기러기가 나무로 점진적으로 나아가니 혹 평평한 가지를 얻으면 허물이 없게 된다.,九五 鴻漸于陵 婦三歲不孕 終莫之勝 吉.,기러기가 높은 구릉으로 점진적으로 나아가니 부인이 삼년 동안 잉태를 하지 못했지만 끝내 그를 이기지 못하니 길하다.,上九 鴻漸于陸 其羽可用爲儀 吉.,기러기가 공중으로 점진적으로 나아가니 그 날개는 예의와 법도가 될 만하니 길하다.,,
58,風行地上 觀 先王以 省方觀民 設敎.,바람이 땅 위에 행함이 관(觀)이니 선왕이 그것을 본받아 사방을 살피고 백성을 관찰하여 가르침을 베푼다.,初六 童觀 小人无咎 君子吝.,어린아이의 봄이니 소인은 허물이 없고 군자는 부끄러우리라.,六二 闚觀 利女貞.,엿봄이니 여자가 곧게 함이 이롭다.,六三 觀我生 進退.,내가 내는 행동을 보아서 나아가고 물러가도다.,六四 觀國之光 利用賓于王.,나라의 빛남을 봄이니 왕에게 손님이 되는 것이 이롭다.,九五 觀我生 君子 无咎.,내가 내는 행동을 보되 군자다우면 허물이 없으리라.,上九 觀其生 君子 无咎.,내는 행동을 보되 군자다우면 허물이 없으리라.,,
61,雲上於天 需 君子以 飮食宴樂.,구름이 하늘로 올라감이 수(需)이니 군자는 그것을 본받아 마시고 먹으며 편안하게 즐긴다.,初九. 需于郊 利用恒 无咎.,넓은 들에서 기다리니 그대로 기다리면 이로워 허물이 없다.,九二. 需于沙 小有言 終吉.,모래밭에서 기다리니 조금 말이 있으나 마침내 길하다.,九三. 需于泥 致寇至.,진흙탕에서 기다리니 도적을 불러들인다.,六四 需于血 出自穴.,피에 젖어 기다리니 움혈에서 나온다.,九五. 需于酒食 貞吉.,술과 음식 앞에서 기다리니 바르게 하여 길하다.,上六. 入于穴 有不速之客三人來 敬之終吉.,움혈에 들어가면 청하지 않은 손님 세 사람이 올 것이니 그들을 공경하면 마침내 길하다.,,
62,澤上有水節 君子以 制數度 議德行.,못 위에 물이 있는 것이 절(節)이니 군자가 그것을 본받아 수와 법도를 제정하고 덕행을 의론한다.,初九 不出戶庭 无咎.,외짝문의 뜰을 벗어나지 않으면 허물이 없다.,九二 不出門庭 凶.,양짝문의 뜰을 벗어나지 않으니 흉하다.,六三 不節若 則嗟若 无咎.,절제하지 못하면 한탄할 것이나 허물할 데가 없다.,六四 安節 亨.,편안하게 절제하니 형통하다.,九五 甘節 吉 往有尙.,달콤하게 절제하니 길하고 가면 가상한 일이 있을 것이다.,上六 苦節 貞 凶 悔 亡.,괴롭도록 절제하니 곧으면 흉하고 뉘우치면 흉함이 없을 것이다.,,
63,水在火上旣濟 君子以 思患而豫防之.,물이 불 위에 있는 것이 기제(旣濟)이니 군자가 그것을 본받아 환란을 생각하여 미리 방비한다.,初九 曳其輪 濡其尾 无咎.,수레바퀴를 뒤로 끌며 꼬리를 적시면 허물이 없으리라.,六二 婦喪其茀 勿逐七日得.,부인이 가리개를 잃었으니 쫓아가지 않으면 칠일 만에 얻으리라.,九三 高宗伐鬼方 三年克之 小人勿用.,고종(高宗)이 귀방(鬼方)을 정벌하여 삼년 만에 이겼으니 소인을 쓰지 말아야 한다.,六四 繻有衣袽 終日戒.,물이 샘에 옷과 헌옷을 준비해 두고 종일 경계한다.,九五 東隣殺牛 不如西隣之禴祭 實受其福.,동쪽 이웃의 소를 잡는 제사는 서쪽 이웃의 검소한 제사가 실제로 복을 받는 것만 못하다.,上六 濡其首 厲.,그 머리를 적시니 위태롭다.,,
64,雲雷 屯. 君子以經綸.,구름과 우레가 준괘의 상이다. 군자는 이 괘상을 본받아 천하를 다스린다.,初九. 磐桓 利居貞 利建侯.,머뭇거리며 나아가지 못하니 바름에 머무르면 이롭고 제후를 세우면 이롭다.,六二. 屯如邅如 乘馬班如 匪寇婚媾. 女子貞不字 十年乃字.,어려워하여 머뭇거리며 말을 타고 선회하니 도적이 아니라 혼인하는 것이다. 여자가 바르게 하여 허혼하지 않다가 십 년이 되어 곧 허혼한다.,六三. 卽鹿无虞 惟入于林中 君子幾不如舍 往吝.,사슴을 쫓는데 몰이꾼이 없다. 사슴이 숲 속으로 들어갔으니 군자가 기미를 보고 그만두는 것만 못하므로 가면 어렵다.,六四. 乘馬班如 求婚媾 往吉 无不利.,말을 타고 선회하며 혼인을 구하니 가면 길하여 이롭지 않음이 없다.,九五. 屯其膏 小貞吉 大貞凶.,재물을 쌓아두니 작은 일에 바르면 길하나 큰 일에 바르면 흉하다.,上六. 乘馬班如 泣血漣如.,말을 타고 선회하며 피눈물을 줄줄 흘린다.,,
65,木上有水井 君子以 勞民勸相.,나무 위에 물이 있는 것이 정(井)이니 군자가 그것을 본받아 백성을 위로하며 돕기를 권면한다.,初六 井泥不食. 舊井无禽.,우물에 진흙이 있어 먹지 않는다. 옛 우물에 짐승이 없다.,九二 井谷 射鮒 甕敝漏.,우물이 골짜기의 물처럼 두꺼비에게 흘러가고 동이가 깨져 물이 샌다.,九三 井渫不食 爲我心惻 可用汲 王明 竝受其福.,우물이 청소되었는데도 먹어주지 않아서 내 마음이 슬퍼 물을 길을 수 있으니 왕이 현명하면 함께 그 복을 받으리라.,六四 井甃 无咎.,우물에 벽돌을 쌓으면 허물이 없으리라.,九五 井洌 寒泉食.,우물이 깨끗하여 차가운 샘물을 먹는다.,上六 井收勿幕 有孚元吉.,우물을 길어 덮지 않고 믿음이 있어서 크게 길하다.,,
66,水洊至 習坎 君子以 常德行 習敎事.,물이 연거푸 이르는 것이 거듭 험함[習坎]이니 군자가 그것을 본받아 덕행을 항상되게 하며 가르치는 일을 익힌다.,初六 習坎 入于坎窞 凶.,거듭 험해서 구덩이의 구멍으로 들어가니 흉하다.,九二 坎有險 求小得.,감(坎)에 험함이 있으나 구하는 것을 조금 얻으리라.,六三 來之 坎坎 險 且枕 入於坎窞 勿用.,오고 감에 험하고 험한데 험함에 또 의지하여 구덩이의 구멍으로 들어가니 쓰지 말아야 한다.,六四 樽酒簋貳 用缶 納約自牖 終无咎.,동이[樽]의 술과 궤 두 개를 질그릇으로 사용하고 맺음을 들이되 통한 곳으로부터 하면 마침내 허물이 없을 것이다.,九五 坎不盈 祗旣平 无咎.,구덩이가 차지 못하였으니 장차 평평함에 이르면 허물이 없을 것이다.,上六 係用徽纆 寘于叢棘 三歲 不得 凶.,동아줄로 매어서 가시나무 덤불에 가둬두어 삼년이 되어도 면하지 못하니 흉하다.,,
67,山上有水 蹇 君子以 反身脩德.,산 위에 물이 있는 것이 건(蹇)이니 군자가 그것을 본받아 자신에게 돌이켜 덕을 닦는다.,初六 往蹇 來譽.,가면 어렵고 오면 명예롭다.,六二 王臣蹇蹇 匪躬之故.,왕의 신하가 어려움으로 어려움이 자신 때문이 아니다.,九三 往蹇 來反.,가면 어렵고 오면 돌아올 것이다.,六四 往蹇 來連.,가면 어렵고 오면 연합한다.,九五 大蹇 朋來.,크게 어려움에 벗이 온다.,上六 往 蹇 來 碩 吉 利見大人.,가면 어렵고 오면 크므로 길하리니 대인을 보는 것이 이롭다.,,
68,地上有水比 先王以 建萬國 親諸侯.,땅 위에 물이 있는 것이 비(比)니 선왕이 그것을 본받아 여러 나라를 세우고 제후를 친히 한다.,初六 有孚比之 无咎 有孚盈缶 終 來有他吉.,믿음을 두어 도와야 허물이 없으리니 “믿음을 가짐”이 질그릇에 가득하면 끝에 다른 길함이 있음을 오게 한다.,六二 比之自內 貞吉.,돕기를 안으로부터 하니 곧게 해서 길하다.,六三 比之匪人.,온당한 사람이 아닌데 돕는 것이다.,六四 外比之 貞吉.,밖으로 도우니 곧아서 길하다.,九五 顯比 王用三驅 失前禽 邑人不誡 吉.,드러나게 도우니 왕이 세 군데로 모는데 앞의 새를 잃으며 읍 사람에게 기약하지 않으니 길하다.,上六 比之无首 凶.,돕는데 머리가 없으니 흉하다.,,
71,天在山中 大畜 君子以 多識前言往行 以畜其德.,「상전」에서 말하였다：하늘이 산 가운데에 있는 것이 대축이니 군자가 그것을 본받아 이전의 말과 지난 행동을 많이 알아 덕을 쌓는다.,初九 有厲 利已.,어려움이 있으니 그만 두는 것이 이롭다.,九二 輿說輹.,수레의 바퀴통이 빠졌다.,九三 良馬逐 利艱貞 日閑輿衛 利有攸往.,좋은 말이 달려가니 어렵게 여기고 곧게 함이 이로우니 날마다 수레 타기와 호위를 익히면 가는 것이 이롭다.,六四 童牛之牿 元吉.,어린 소의 뿔에 가로 나무를 더하니 크게 길하다.,六五 豶豕之牙 吉.,멧돼지를 거세하여 이빨을 쓰지 못하게 하니 길하다.,上九 何天之衢 亨.,하늘의 거리이니 형통하다.,,
72,山下有澤 損 君子以 懲忿窒欲.,산 아래 못이 있는 것이 손(損)이니 군자가 그것을 본받아 분노를 자제하고 욕심을 막는다.,初九 已事 遄往 无咎 酌損之.,일을 마치면 빨리 가야 허물이 없을 것이니 참작하여 덜어낸다.,九二 利貞 征 凶 弗損 益之.,곧게 함이 이롭고 가면 흉하니 덜지 말아야 보태주는 것이다.,六三 三人行 則損一人 一人行 則得其友.,세 사람이 가면 한 사람을 덜어내고 한 사람이 가면 그 벗을 얻는다.,六四 損其疾 使遄 有喜 无咎.,그 병을 덜어내는데 빨리하게 하면 기쁨이 있어 허물이 없으리라.,六五 或益之 十朋之. 龜弗克違 元吉.,혹 보태면 벗이 열이다. 거북도 어기지 못할 것이니 크게 길하다.,上九 弗損 益之 无咎 貞吉 利有攸往. 得臣 无家.,덜지 않고 보태면 허물이 없고 곧고 길하니 가는 것이 이롭다. 신하를 얻음이 집안에서만이 아니다.,,
73,山下有火賁 君子以明庶政 无敢折獄.,산 아래 불이 있는 것이 꾸밈이니 군자가 그것을 본받아 정사를 분명하게 하지만 감히 옥사를 결단하지 않는다.,初九 賁其趾 舍車而徒.,발을 꾸미니 수레를 놔두고 걸어간다.,六二 賁其須.,수염을 꾸민다.,九三 賁如濡如 永貞吉.,꾸민 것이 윤택하니 영구히 하고 곧게 하면 길할 것이다.,六四 賁如皤如 白馬翰如 匪寇婚媾.,꾸민 것이 희고 백마가 날아가는 듯이 달려가니 도둑이 아니면 혼인하려는 것이다.,六五 賁于丘園 束帛戔戔 吝 終吉.,언덕과 동산에서 꾸미니 묶어놓은 비단이 재단되어 있는 듯이 하면 부끄럽지만 마침내 길할 것이다.,上九 白賁 无咎.,꾸밈을 희게 하면 허물이 없을 것이다.,,
74,山下有雷 頤 君子以 愼言語 節飮食.,산 아래에 우레가 있는 것이 이(頤)이니 군자가 그것을 본받아 언어를 삼가고 음식을 절제한다.,初九 舍爾靈龜 觀我 朶頤 凶.,너의 신령스러운 거북을 버리고 나를 보고서 턱을 늘어뜨리니 흉하다.,六二 顚頤拂經 于丘頤 征凶,거꾸로 길러주기를 구하므로 바른 도리에 위배되니 언덕에서 길러주기를 구하여 가면 흉하리라.,六三 拂頤貞凶 十年勿用 无攸利.,기르는 곧은 도에 위배되기 때문에 흉하여 십년이 되어도 쓰지 못하니 이로운 바가 없다.,六四 顚頤吉 虎視耽耽 其欲逐逐无咎.,거꾸로 길러주기를 구하나 길하니 호시탐탐하여 하고자함을 좇고 좇으면 허물이 없으리라.,六五 拂經 居貞吉 不可涉大川.,바른 도리에 위배되나 곧음에 거하면 길하지만 큰 내를 건너서는 안 된다.,上九 由頤 厲吉 利涉大川.,자신으로 말미암아 길러지므로 위태롭게 여기면 길하니 큰 내를 건너는 것이 이롭다.,,
75,山下有風 蠱 君子以 振民育德.,산 아래에 바람이 있는 것이 고(蠱)이니 군자가 그것을 본받아 백성들을 진작하고 덕을 기른다.,初六 幹父之蠱. 有子 考无咎. 厲 終吉.,아버지의 일을 주관하는 것이다. 훌륭한 자식을 두면 아버지가 허물이 없을 것이다. 위태롭게 여겨야 마침내 길할 것이다.,九二 幹母之蠱 不可貞.,어머니의 일을 주관하는 것으로 고집하여서는 안 된다.,九三 幹父之蠱 小有悔 无大咎.,아버지의 일을 주관하는데 조금 후회가 있지만 큰 허물은 없을 것이다.,六四 裕父之蠱 往見吝.,아버지의 일을 안이하게 하니 그대로 나아가면 부끄러움을 당할 것이다.,六五 幹父之蠱 用譽.,아버지의 일을 주관하니 명예로울 것이다.,上九 不事王侯 高尙其事.,왕후를 섬기지 않고 그 일을 높이 숭상한다.,,
76,山下出泉 蒙. 君子以果行育德.,산 아래에 샘이 나오는 것이 몽괘의 상이다. 군자를 이 괘상을 본받아 행동을 과감히 하고 덕을 기른다.,初六. 發蒙 利用刑人 用說桎梏 以往吝.,몽매한 사람을 깨우치니 형인을 사용하는 것이 이롭고 형틀에서 벗어나게 하나 가면 어렵다.,九二. 包蒙吉 納婦吉 子克家.,몽매한 사람을 포용하니 길하다. 아들이 부인을 맞아들이니 길하며 아들이 가정을 다스린다.,六三. 勿用取女 見金夫 不有躬 无攸利.,여자에게 장가들지 말라. 돈 있는 남자를 보고 몸이 없으니 이로울 것 없다.,六四. 困蒙 吝.,몽매한 사람이 곤경에 처해 있으니 어렵다.,六五. 童蒙 吉.,어리고 몽매한 사람이니 길하다.,上九. 擊蒙 不利爲寇 利禦寇.,몽매한 사람을 공격하니 도적이 되면 이롭지 않고 도적을 막으면 이롭다.,,
77,兼山 艮 君子以 思不出其位.,겹친 산이 간(艮)이니 군자가 그것을 본받아 생각을 그 지위에서 벗어나게 하지 않는다.,初六 艮其趾. 无咎 利永貞.,그 발꿈치에 그침이라. 허물이 없으니 길이 곧게 함이 이롭다.,六二 艮其腓 不拯 其隨 其心不快.,장딴지에 그침이니 건지지 못하고 따르기 때문에 그 마음이 기껍지 않다.,九三 艮其限 列其夤 厲 薰心.,허리에 그치기에 등뼈를 벌림이니 위태로움이 마음을 태운다.,六四 艮其身 无咎.,그 몸에 그침이니 허물이 없다.,六五 艮其輔 言有序 悔亡.,볼에 그침이라 말이 순서가 있음이니 후회가 없으리라.,上九 敦艮吉.,그침에 도타움이니 길하리라.,,
78,山附於地 剝 上以 厚下 安宅.,산이 땅에 붙어 있는 것이 박(剝)이니 위에서 그것을 본받아 아래를 두텁게 하여 집을 편안하게 한다.,初六 剝牀以足 蔑貞 凶.,평상을 다리에서 깎는 것이니 곧음을 업신여기는 것이다. 흉할 것이다.,六二 剝牀以辨 蔑貞 凶.,평상을 가로댄 나무에서 깎는 것이니 곧음을 업신여기는 것이다. 흉할 것이다.,六三 剝之 无咎.,깎아내도 허물이 없다.,六四 剝牀以膚 凶.,평상을 살갗에서 깎는 것이니 흉하다.,六五 貫魚 以宮人寵 無不利.,물고기를 꿰어 궁인이 총애 받듯이 하면 이롭지 않음이 없다.,上九 碩果不食 君子得輿 小人剝廬.,상구는 큰 열매가 먹히지 않은 것이니 군자는 수레를 얻고 소인은 집을 허물 것이다.,,
81,天地交 泰 后以 財成天地之道 輔相天地之宜 以左右民,천지가 서로 사귀는 것이 태(泰)이니 임금이 그것을 본받아 천지의 도를 마름질하여 이루며 천지의 마땅함을 도와서 백성을 돕는다.,初九 拔茅茹. 以其彙征 吉.,띠 풀의 뿌리를 뽑는다. 그 무리로써 가니 길하다.,九二 包荒 用馮河 不遐遺 朋亡 得尙于中行.,거친 것을 포용해 주고 황하를 맨몸으로 건너는 용맹을 쓰며 멀리 있는 사람을 버리지 않고 붕당을 없애면 중도를 실천하는 사람과 짝을 이룰 수 있을 것이다.,九三 无平不陂 无往不復 艱貞 无咎 勿恤其孚 于食有福.,평평한 것은 기울지 않는 것이 없으며 가서 돌아오지 않는 것은 없으니 어려워도 곧게 하면 허물이 없어서 근심하지 않더라도 미덥기 때문에 먹는데 복이 있다.,六四 翩翩 不富以其鄰 不戒以孚.,훨훨 날아 내려오니 부유하지 않으면서도 이웃과 함께 하여 경계하지 않아도 믿음이 있을 것이다.,六五 帝乙歸妹 以祉元吉.,제을이 여동생을 시집보내니 복이 있고 크게 길할 것이다.,上六 城復于隍 勿用師 自邑告命 貞吝,성이 무너져 해자로 돌아온다. 군대를 쓰지 말고 읍으로부터 명을 고하니 곧더라도 부끄러울 것이다.,,
82,澤上有地臨 君子以 敎思无窮 容保民无疆.,못 위에 땅이 있는 것이 림(臨)이니 군자(君子)가 그것을 본받아 가르치려는 생각이 다함이 없으며 백성을 포용하여 보존함이 끝이 없다.,初九 咸臨 貞 吉.,감동하여 임하니 바르게 하여 길하다.,九二 咸臨 吉 无不利.,감동하여 임하니 길하여 이롭지 않음이 없으리라.,六三 甘臨 无攸利 旣憂之 无咎.,달콤함으로 임하여 이로운 바가 없으니 이미 근심하므로 허물이 없으리라.,六四 至臨 无咎.,지극하게 임하니 허물이 없다.,六五 知臨 大君之宜 吉.,지혜로 임하니 대군(大君)의 마땅함이라서 길하다.,上六 敦臨 吉 无咎.,돈독하게 임하니 길하여 허물이 없다.,,
83,明入地中 明夷 君子以 莅衆 用晦而明.,“밝음이 땅속으로 들어간 것이 명이이니” 군자가 그것을 본받아 군중을 대할 때에는 어둠을 사용하여 밝게 한다.,初九 明夷于飛 垂其翼 君子于行 三日不食 有攸往 主人有言.,명이는 날 때에 날개를 늘어뜨림이며 군자가 떠남에 삼일 동안 먹지 못하고 가는 바가 있음에 주인이 나무라는 말을 한다.,六二 明夷 夷于左股 用拯馬壯 吉.,명이할 때 좌측 다리에 상처를 입으니 돕는 말을 건장한 것으로 쓰면 길하다.,九三 明夷于南狩 得其大首 不可疾貞.,명이한 때에 남쪽으로 사냥하여 큰 머리를 얻으니 급히 곧게 해서는 안 된다.,六四 入于左腹 獲明夷之心 于出門庭.,좌측 배로 들어가서 명이한 마음을 얻어서 대문의 뜰로 나온다.,六五 箕子之明夷 利貞.,기자의 명이이니 곧음이 이롭다.,上六 不明 晦 初登于天 後入于地.,밝지 못하여 어두우니 처음에는 하늘에 오르고 뒤에는 땅으로 들어간다.,,
84,雷在地中 復 先王以 至日閉關 啇旅不行 后不省方.,우레가 땅속에 있음이 복이니 선왕이 그것을 본받아 동짓날에는 관문을 닫아걸어 장사꾼과 여행자들이 다니지 못하게 하고 임금이 사방을 시찰하지 않게 했다.,初九 不遠復 无祗悔 元吉.,멀리 가지 않고 돌아와 후회에 이름이 없으니 크게 길하다.,六二 休復 吉.,아름다운 돌아옴이니 길하다.,六三 頻復 厲无咎.,자주 돌아옴이니 위태롭지만 허물은 없다.,六四 中行 獨復.,가운데를 지나가지만 혼자서 돌아온다.,六五 敦復 无悔.,돌아옴을 돈독히 함이니 후회가 없다.,上六 迷復 凶 有災眚 用行師 終有大敗 以其國君凶 至于十年 不克征.,돌아옴에 혼미하여 흉하니 재앙이 있어 군사를 동원하는 데에 쓰면 마침내 크게 패할 것이고 나라를 다스리면 임금이 흉하여 십년이 될 때까지 가지 못할 것이다.,,
85,地中生木 升 君子以 順德 積小以高大.,땅속에서 나무가 나오는 것이 승(升)이니 군자가 그것을 본받아 덕을 순리대로 하며 작은 것을 쌓아 높고 크게 한다.,初六 允升 大吉.,믿어서 자라나니 크게 길하다.,九二 孚 乃利用禴 无咎.,정성이 있어야 검소한 약(禴)제사로 함이 이로우니 허물이 없다.,九三 升虛邑.,빈 고을에 올라간다.,六四 王用亨于岐山 吉 无咎.,왕이 기산에서 형통하듯이 하면 길하여 허물이 없다.,六五 貞 吉 升階.,바르게 하여야 길하니 계단을 올라가듯이 한다.,上六 冥升 利于不息之貞.,올라가는 것에 어두우니 쉬지 않는 바른 도에 이롭다.,,
86,地中有水 師. 君子以容民畜衆.,땅 가운데 물이 있는 것이 사괘의 상이다. 군자는 이 괘상을 본받아 백성을 포용하여 무리를 기른다.,初六 師出以律 否臧凶.,출병은 기율로써 할 것이니 기율을 지키지 않으면 흉하다.,九二. 在師中吉 无咎 王三錫命.,군대 안에 있으면 길하여 허물이 없으니 왕이 세 번 명령을 내린다.,六三. 師或輿尸 凶.,군대가 혹 시체를 수레에 실으니. 흉하다.,六四. 師左次 无咎.,군대가 왼쪽에 주둔하면 허물이 없다.,六五. 田有禽 利執言 无咎. 長子帥師 弟子輿尸 貞凶.,밭에 새와 짐승이 있으니 잡으면 이롭고 허물이 없다(적이 침입하였으니 토벌해야 한다). 큰아들은 군사를 거느리고 둘째아들은 수레에 시체를 실으니 바르고 흉하다.,上六. 大君有命 開國承家. 小人勿用.,대군의 명이 있어 나라를 받고 고을을 받는다. 소인은 쓰지 말라.,,
87,地中有山 謙 君子以 裒多益寡 稱物平施.,땅 속에 산이 있는 것이 겸(謙)이니 군자가 그것을 본받아 많은 것을 덜어내 적은 데에 더해 주어 물건을 저울질하여 베풂을 고르게 한다.,初六 謙謙君子 用涉大川 吉.,겸손하고 겸손한 군자이니 써 큰 내를 건너더라도 길하다.,六二 鳴謙 貞吉.,겸손함을 울림이니 바르고 길하다.,九三 勞謙 君子有終 吉.,공로가 있으며 겸손함이니 군자가 끝마침이 있으면 길하다.,六四 无不利撝謙.,겸손함을 펼침에 이롭지 않음이 없다.,六五 不富 以其鄰 利用侵伐 无不利.,부유하지 않고도 이웃함이니 침벌을 씀이 이로우니 이롭지 않음이 없으리라.,上六 鳴謙 利用行師 征邑國.,겸손함이 울림이니 군사를 행하여 읍국(邑國)을 정벌함이 이롭다.,,
88,地勢坤 君子以 厚德 載物.,땅의 형세가 곤(坤)이니 군자가 그것을 본받아 후한 덕으로 만물을 실어준다.,初六. 履霜 堅冰至.,서리를 밟으니 굳은 얼음이 언다.,六二. 直方. 大. 不習无不利.,곧고 반듯하다. 크다. 익히지 않아도 이롭지 않음이 없다.,六三. 含章可貞 或從王事 无成有終.,아름다움을 품고 바를 수 있으니 혹왕의 일을 따라도 이루는 것 없이 마친다.,六四. 括囊 无咎无譽.,주머니를 묶으니 허물도 없고 명예도 없다.,六五. 黃裳 元吉.,황색 치마를 입었으니 크게 길하다.,上六. 龍戰于野 其血玄黃.,용이 들에서 싸우니 그 피가 검고 누렇다.,用六. 利永貞.,영원히 바르게 하면 이롭다.