목목목,木木木,(종격사주 길/일반사주 흉),두뇌가 총명하고 참을성이 있어 성공 운이 순조롭다. 바라는 일들이 성공하고 발전하며 뜻대로 이루어지는 운이다. 가정이 화목하고 자녀의 덕이 있으니 행복한 가정을 갖겠다. 심신이 건강하여 장수의 복(福)을 누린다. 안팎으로 행복을 누리겠다.
목목화,木木火,(길),마음이 침착하고 세심하다. 머리 또한 총명하여 하는 일마다 성공하고 발전한다. 이름을 널리 알려 많은 이들이 우러러보고 따르게 한다. 부귀영화(富貴榮華)를 자손에게까지 이어지게 한다. 형제간에 우애가 있다. 가정이 화목하고 안락하다. 남녀 모두 연인 운 부부 운이 매우 좋다.
목목토,木木土,(길),마음이 강하고 자립성이 강하다. 하고자 하는 일이 바라는 대로 순조롭다. 사회의 신용과 덕망 속에 성공 발전하게 된다. 주위의 사람과 좋은 인간관계를 가진다. 부러워 할 것이 없는 만사형통(萬事亨通)의 운을 가졌다. 가정적이며 부모의 운세도 평탄하다. 자녀 또한 복(福)이 많으니 가정이 화목하다.
목목금,木木金,(흉),마음은 온순하고 정직하다. 의리를 중요시 여기고 남에게 친절을 베푼다. 그러나 성공 운이 적다. 어느 정도의 성공을 하더라도 생각지 못한 화를 당하게 된다. 어떤 일을 하더라도 안정된 생활을 하지 못한다. 인덕(人德)이 없어 다른 사람들에게 피해를 당하며 구설수가 많고 평안한 생활이 없다. 가정 운도 좋지 못하니 부부간에 불화가 계속되고 자녀 운도 없어 생 이별수가 있다. 자녀의 효가 없다. 어려운 생활에 건강까지 염려된다. 폐 기관지 간장 신경성 질환에 유의해야 한다
목목수,木木水,(길),착실하고 이해력이 풍부하다. 어떤 일이든 매사 열성적으로 노력을 아끼지 않는다. 가정은 원만하고 자녀가 효도 한다. 운기가 좋아 주위의 도움으로 지속적이지는 못하지만 일시적으로 성공하고 발전한다. 모든 일이 대길할 운이 있다. 그러나 너무 자만심에 빠지지 말아야겠다. 불화가 생길 위험이 있다. 병환도 염려되니 건강에 유의해야겠다.
목화목,木火木,(길),인덕(人德)이 많다. 윗사람과 아랫사람에게 도움을 받고 존경도 받으니 순조롭게 성공한다. 지위와 재산이 늘어나게 된다. 모든 일이 형통(亨通)하는 대길(大吉)할 운이다. 가정 운도 좋으니 부부가 화목하고 자녀 또한 효성이 지극하다. 이름을 널리 떨치게 되어 만인의 부러움을 사게 된다. 몸도 건강하여 장수의 복도 있다. 가정까지 평안하니 행복을 누리게 될 운이다.
목화화,木火火,(흉),성격이 급하고 인내력이 부족하다. 그러나 진취성이 있고 윗사람의 도움으로 성공할 수 있다. 단 지나친 욕심은 버려야 한다. 인내심이 부족하여 실패수가 많고 곤경에 빠지기 쉬우며 가정에 불화가 생길 수 있다. 그러나 조심하면 행복한 생활을 누리게 된다. 길(吉)과 흉(凶)이 반반이다. 부부간에 애정이 있고 자녀도 행복하니 가정이 원만하다. 심장과 신경계 질환에 주의해야 한다.
목화토,木火土,(길),마음이 여리고 감수성이 강하다. 의리가 있고 친절하며 사교성이 풍부하여 대인 관계가 원만하다. 부모와 윗사람의 도움으로 순조롭게 성공한다. 하려는 일이 크게 성공하여 이름을 널리 알리게 된다. 부부 운이 좋으며 자녀 복 또한 있으니 자녀가 효도 한다. 안팎으로 활기가 충만하고 대길(大吉)할 운이다. 심신이 건강하여 장수한다. 대복(大福)을 누리게 된다.
목화금,木火金,(흉),기량이 뛰어 나고 머리 회전이 빠른 특성을 갖고 있다. 그러나 변화가 심하여 안정이 없다. 기초가 불안하여 일시적인 성공은 있으나 내적으로 항상 불안하다. 노력을 하지만 대가가 없고 실패만 거듭 된다. 가정 또한 불화가 심하다. 이별수가 있고 자녀가 불행하며 아랫사람과도 좋지 못하다. 건강도 좋지 않으니 신경계통 호흡기병 뇌병(腦病)을 조심해야 한다. 운전하는 사람은 교통 사고를 항상 조심 해야겠다.
목화수,木火水,(흉),성격이 까다롭고 대인 관계가 원만치 못하다. 성공을 하더라도 일시적인 성공뿐이다. 성공이 지속되지 못하며 금전적 정신적으로 막힘이 많다. 기초 운이 좋지 않다. 윗사람의 혜택은 있지만 끝이 좋지 못하다. 학생의 경우 학업에 열중하지 않는 운이다. 건강 운도 나쁜 운이다. 심장병 동맥경화증 급성 관절염 등을 조심 해야겠다. 생각지 못한 재화로 어려움이 많을 운이다.
목토목,木土木,(흉),호기심이 많은 성격이지만 과단성이 약하고 의지가 약하다. 불평과 불만이 많으며 끈기가 약하여 어떤 일이든 오랫동안 있지 못한다. 이리 저리 자주 이동하니 불안정한 생활을 하고 모든 일에 안정이 없다. 부모 운도 없고 형제 운도 없다. 자녀 운 또한 없으니 고독하고 외로운 운이다. 건강도 좋지 않으니 위장 질환 신경통 신경쇠약 등을 조심 해야겠다.
목토화,木土火,(흉),마음이 온유하고 인내심이 강하여 어느 정도의 성공은 있다. 불평과 불만이 많아 화가 따릅니다. 성명 각격(各格)의 수리가 불길하면 재액을 면치 못하게 된다. 부모와 형제의 덕이 없어 고독하지만 가정은 원만하다. 자녀의 효심이 지극하다. 건강상 위장병이나 호흡기 고혈압에 주의 해야겠다.
목토토,木土土,(흉),마음이 온유하고 신중하여 다른 일에 빨리 동요되는 일이 없는 성격이다. 그러나 내적으로 불평과 불만이 많고 자신의 주장을 펴지 못하는 점이 있다. 크게 성공하기는 어렵고 한때 성공하더라도 실패가 따르게 된다. 부모 형제의 덕도 없고 가정이 화목하지 못하다. 중년부터는 나아지니 자녀의 덕으로 말년에는 복을 얻게 된다. 말년에 위장병이 염려된다.
목토금,木土金,(흉),고집이 강한 성격에 활동적이지 못하고 실천력이 부족하다. 또한 소극적인 면이 있어 대인 관계가 좋지 못하다. 꼼꼼한 점이 있어 일을 잘 하지만 운이 나쁘니 모든 하는 일에 장애가 따릅니다. 불평과 불만이 많으니 큰 발전이 없다. 뜻대로 되는 일이 없다. 부모나 형제 덕 또한 없다. 몸도 나빠질 운이다. 건강에 주의 해야겠다.
목토수,木土水,(흉),보수적인 성격이고 의지가 약하다. 대인 관계가 원만하지 못하여 사교성이 부족하다. 하는 일에 불평과 불만이 많으며 노력을 해도 뜻밖의 재난을 자주 당하여 성공과 발전은 기대하기 어렵다. 일마다 실패 수이다. 부모의 덕이 없고 부부의 정도 없으니 가정이 화목하지 못하다. 특히 여자는 결혼을 실패하거나 재취로 가는 운이 있다. 결혼을 늦게 하고 결혼 후에도 사회 활동을 하는 것이 좋겠다. 건강 운도 나쁘다. 위장병 심장 계통의 질환을 조심 해야겠다.
목금목,木金木,(흉),고집이 세고 대인 관계가 원만하지 못한 성격을 갖고 있다. 자립성 또한 약하다. 모든 일이 안정하지 못하고 곤란함이 많겠다. 재난이 많이 닥칠 운이다. 가정 운도 좋지 않다. 괴로움이 많고 금전으로도 고생을 하니 심신이 안정을 얻지 못하고 건강을 해치게 된다. 남녀 모두 건강을 조심 해야겠다. 특히 운전자는 교통 사고를 조심하고 폐 질환이나 신경계통 질환을 주의하는 것이 좋겠다. 생각하지 못한 돌발 사고를 당할 수 있으니 항상 주의 해야겠다.
목금화,木金火,(흉),기초 운이 튼튼하지 못하고 부족하다. 모든 하는 일이 기초 운이 부족하여 처음은 잘 되더라도 끝에 가서는 결실을 맺지 못하고 무너지게 된다. 아무리 노력 해도 끝이 보이지 않고 재난이 계속된다. 따라서 발전이 없겠다. 직업이나 집을 자주 이동하게 되어 생활이 안정치 못하다. 부모 형제와도 좋지 못하고 자녀도 효도하지 못한다. 금전으로도 안정을 찾을 수 없으니 일생 동안 많은 시련을 겪게 될 것이다. 말년에는 더욱 흉(凶)이 겹칠 것이니 외상 화상 신경통 신경 질환 폐질환 등의 병에 주의 해야겠다.
목금토,木金土,(흉),생활이 안정적이라 조금이나마 성공할 수도 있겠으나 성공 운이 계속 따르지 않다. 그러니 더 이상의 발전이 없다. 인덕(人德)이 없고 건강이 좋지 못한다. 난치의 병에 걸려 고생할 운이다. 가정적으로는 조금은 화목할 운이 있다. 자녀가 효도 한다. 건강상으로는 돌발 사고를 주의 해야겠다.
목금금,木金金,(흉),재지(才智)가 뛰어 나지만 인덕(人德)이 없다. 따라서 대인 관계가 원만하지 못하다. 남을 도와 주더라도 도리어 시비와 구설이 따르는 운이다. 재난이 따르니 금전적으로도 안정을 찾지 못한다. 가정 운도 좋지 않으니 가정 파란의 액이 있다. 안팎으로 액난(厄難)이 겹쳤다. 학생은 학업에 열중할 운이 없다. 운전자는 교통 사고를 조심 해야겠다. 위장병 심장병 신경통 신경과민 혈압 간 장애 등의 병 액으로 고생하기 쉬우니 건강에 신경 써야 한다.
목금수,木金水,(흉),정확하고 끈기 있는 성격을 갖고 있다. 그러나 기초가 약하고 성공 운이 없다. 열심히 노력하여도 보람은 없고 결과가 바라는 대로 되지 않다. 겉보기에 발전하는 것 같으면서 곧 결과가 나쁘고 실속이 없다. 마음에 고민이 많이 생기고 불안하다. 자식복도 없으니 고생이 심하다. 거기에 급난(急難)을 당하기 쉬운 운이다. 운이 매우 좋지 않다. 건강으로는 심장병을 조심 해야겠다.
목수목,木水木,(길),온순하고 정직한 성격이다. 웃어른에게 예의 바르고 아랫사람을 잘 돌보니 주변 사람들의 신망을 얻어 성공하게 된다. 하는 일이 순조롭게 발전한다. 두뇌가 총명하고 판단이 빠르니 정치나 스포츠계로 나가면 크게 성공할 수 있다. 여자는 알뜰한 성격에 내조력이 뛰어 납니다. 사랑 받는 아내가 될 것이다. 가정 운이 좋다. 부부가 화목하고 자손이 창성(昌成)한다. 건강 운도 원만하나 폐질환 신장병 관절염 위장 장애 등은 유의해야 한다.
목수화,木水火,(흉),성격이 신경질적이고 깐깐하며 끈기가 없다. 부모와 형제의 덕이 없으니 기초가 불안하다. 돌발적인 재액(災厄)이나 재난(災難)을 당하게 된다. 파란 곡절이 많은 삶이다. 아무리 노력해도 금전은 모이지 않고 집이나 직업에 변화가 많다. 일시적으로 성공이 있다. 그러나 기초 운이 불안하기 때문에 큰 발전 없다. 허무한 결과만 있을 뿐이다. 가정 운도 좋지 못하다. 부부가 이별하게 되고 자녀와의 불화(不和)를 만든다. 건강 운 또한 나쁘니 심장병 신경성 질환 순환기 질환으로 고통을 당하게 되는 운이다. 급사할 위험도 있다. 항상 건강에 신경을 써야겠다.
목수토,木水土,(길),인내심이 약한 성격과 원만하지 못한 성품을 가졌다. 불안정한 상태로 겉으로는 안정적이고 평탄해 보이지만 안으로는 온갖 근심과 불안에 시달리게 된다. 따라서 기반이 불안정하여 성공과 발전은 일시적이고 막심한 고생을 한다. 가정 운도 좋다고 할 수 없다. 부모 형제와 화합하지 못하고 이별하게 된다. 부부 사이 또한 애정이 없고 화합하지 못하니 이별 운이 있다. 건강 운 또한 좋을 리 없다. 심장 신장 질환으로 고생할 운이다. 어린이는 교통사고 위험이 있으니 특히 신경 쓰도록 해야 겠다.
목수금,木水金,(길),마음이 착하고 바른 사고방식을 갖고 있다. 부모와 형제의 덕을 보게 되니 기초 운이 안정되고 튼튼하다. 금전 운이 좋다. 노력하면 재물과 명예를 함께 얻게 되어 안락한 생활을 하게 된다. 성명의 각격(各格)의 수리가 나쁘면 고난이 많고 일이 잘 안 풀리게 된다. 그러나 수리가 양호하면 크게 성공한다. 애정 운 또한 길하다. 결혼 후 부부간에 화목하다.
목수수,木水水,(흉),성격이 이기적이고 인색하다. 머리가 영리하여 잠깐 동안의 성공은 있지만 곧 실패하게 된다. 뜻하는 대로 일이 이루어지지 않고 평안한 생활이 될 수 없으며 불행해지기 쉽다. 집안과 직업이 불안하다. 가정 운이 길하지 못하고 불행하다. 사소한 일이 자주 생기고 부부간에 언쟁이 높아지게 된다. 인덕(人德)도 없어 대인 관계도 좋지 않다. 성명 각격(各格)중 수리가 길수(吉數)로 되어 있으면 판단력이 있고 어떤 일이든 잘 처리한다. 집 안팎으로 번창하는 운이다. 가정 운도 좋고 자금 운도 좋다. 그러나 불길한 수가 있는 사람은 좋지 못하여 위장 계통의 질환이나 신경 질환으로 고생할 운이다. 병 액이나 급 흉을 당하고 단명 하는 수이다. 
화목목,火木木,(길),부모의 덕이 있고 기초가 안전하며 튼튼하다. 주위 사람으로부터 신망을 얻게 된다. 귀인의 도움으로 하는 일마다 발전하고 성공한다. 가정 운도 길하다. 부부가 화합하고 자녀가 효도 한다. 여성은 인간관계가 원만하고 학생은 학업 운이 길하다. 문인 정치인 외교관의 직업을 가지면 크게 성공할 수 있다. 건강 운도 나쁘지 않아 신장 계통이나 혈압만 조심하면 장수를 누립니다.
화목화,火木火,(길),머리가 명석하고 예의 밝다. 의기가 충만하여 성공 운이 순조롭다. 성실하게 노력하면 뜻한 바를 쉽게 얻을 수 있다. 가정 운은 길(吉)하다. 큰 재난 없이 평안하고 부귀를 누리게 된다. 친척이 화목하고 행복한 가정을 이루게 된다. 건강 운도 좋아 장수한다.
화목토,火木土,(길),성격이 활동적이고 대인 관계가 원만하다. 성공 발달하여 부귀를 누리게 된다. 가정 운이 매우 좋다. 부부가 화목하고 자녀가 효도 한다. 자손이 창성(昌盛)하여 호화로운 생활을 누립니다. 이성(異性)으로 인한 재난이 있을 지 모르니 주의가 요구 된다. 이점만 주의하면 대길(大吉)할 운수이다. 건강 운도 좋으니 간장 계통의 질환만 조심하면 장수하게 된다.
화목금,火木金,(흉),신경이 예민하고 박력이 약하다. 집과 직업의 변동이 빈번하다. 주위 환경이 자주 변하여 안정된 생활이 어렵다. 매사 시작은 좋으나 결과가 좋지 못하여 성공하기 어렵다. 일시적인 성공이 있더라도 급변을 당하여 고생하게 된다. 가정 운도 좋지 않아 가정 불화가 염려 된다. 자녀 덕도 없다. 성명 각격(各格)중 수리가 흉하면 병난으로 고생하게 된다. 폐질환 간 기능 약화 심장 질환에 유의 해야겠다.
화목수,火木水,(길),외유내강(外柔內剛)한 성격이다. 노력을 많이 하고 인내심이 강하다. 근면하고 성실한 면도 있다. 활동력도 강하고 추진력 또한 왕성하다. 따라서 순조롭게 성공하고 발전한다. 특히 관운(官運)이 매우 좋아 학술이나 기능 방면이 길하다. 명예를 얻을 수 있고 사회적으로 인정도 받게 된다. 재산과 지위의 부를 누리게 된다. 가정 운도 있으니 여자는 내조를 잘하는 부인이며 자손 덕을 크게 본다. 건강도 나쁘지 않다. 신장 질환만 주의 하면 장수하게 된다.
화화목,火火木,(길),신용 있고 합리적인 사고 방식을 갖고 있으며 대인 관계가 원만하다. 기초 운도 튼튼하다. 다른 사람의 도움을 받아 크게 성공하고 발전한다. 동업도 길하다. 운세가 순조로우니 뜻한 바를 어렵지 않게 얻을 수 있다. 가정 운도 길하다. 부부 운이 좋으니 다정하고 화목하다. 여자는 현모양처(賢母良妻)이다. 자손 또한 효도하니 평안(平安)한 생활을 누립니다. 건강도 좋아 장수 하게 된다.
화화화,火火火,(흉),용맹스럽고 열정적인 성격을 가졌다. 그러나 인내심이 약하고 끈기가 없는 조급한 면이 있다. 일을 해도 지구력이 약하니 노력한 만큼의 결과를 얻지 못하고 실패를 면치 못한다. 경솔하여 많은 재난을 당하게 되는 운이다. 가정 운까지 약하니 부부 사이가 화목하지 못하고 자손도 불길하다. 삼장 질환 협압성 질환에 유의해야 겠다. 건강이 좋지 못해 고생하다 단명할까 염려 된다. 그러나 성명 각격(各格)중 수리가 모두 길수(吉數)로 되어 있으면 평범한 삶을 살게 된다.
화화토,火火土,(길),마음이 건전하고 온화한 성격이다. 사교성이 풍부하여 대인 관계가 좋다. 매사 순조롭고 출세하는 운으로 외면으로는 길조로 보이다. 꾀하는 일마다 발전적이며 가정이 화목하다. 그러나 내면에 간간이 곤란이 따르게 된다. 성명 수리가 길하면 식(食)복이 있어 편안하고 안전하게 지낸다. 수리가 흉(凶)하면 재난과 병 난을 당하게 된다. 위장 장애를 주의해야 한다.
화화금,火火金,(흉),성격이 급하고 허영심이 많다. 부모와 형제의 덕이 없다. 어떤 일이든 노력하지만 실패를 면치 못하고 성공 하기 어렵다. 금전 운 또한 없고 인덕(人德)도 없다. 어려움이 많을 운이다. 가정 운도 좋지 못하다. 부부간에 이별수가 있고 가정 불화가 생길 운이다. 안팎으로 불안이 계속 된다. 건강 운도 있을 리 없으니 스트레스로 인한 노이로제 심장 질환에 유의 해야겠다.
화화수,火火水,(흉),신경이 예민하고 소심한 편이다. 신경질적이고 경솔하여 기회를 놓치기 쉽다. 일시적인 성공은 있으나 불의의 재난이 계속 따릅니다. 성공과 발전은 어렵겠다. 가정 운이 없다. 부부 사이에 불화가 끊이지 않다. 이별 수까지 있다. 건강도 좋지 않다. 특히 심장 질환 신경 질환에 유의해야 한다.
화토목,火土木,(흉),성격이 온유하고 단정한 용모를 지녔다. 대인 관계가 완만하여 윗사람의 도움으로 일시적인 성공을 누립니다. 그러나 오래 가지 못한다. 생활이 안정하지 못하고 변화가 많다. 집이나 직업을 자주 이동하게 된다. 가정 운도 좋지 않다. 가족이 서로의 의견 대립으로 인한 불화가 생기는 운수이다. 건강상 위장병 신경성 질환으로 고생할 수 있으니 주의 해야 한다.
화토화,火土火,(길),온후한 성품을 지녔으며 이해심이 넓고 친절하다. 기초 운이 튼튼하다. 따라서 조상과 윗사람의 도움으로 순조롭게 성공하고 크게 발전 하겠다. 가정 운도 길(吉)하다. 부부 사이가 화목하고 자손이 영창(榮昌)하는 행복한 운이다. 여자는 남편 덕이 있으며 현모양처(賢母良妻)이다. 심신 또한 건강하니 장수를 누린다.
화토토,火土土,(길),노력하는 사람으로 예의 바르다. 대인 관계가 원만하고 신의(信義)를 얻게 된다. 웃어른이나 조상의 덕으로 순조롭게 성공하게 된다. 가정 운이 좋다. 부부의 정이 좋으니 백년해로(百年偕老) 하게 된다. 가정이 화목하고 행복하게 될 운이다. 안팎으로 순조로운 발전과 성공할 운이 유도 된다. 건강상 심장 질환에 조금만 주의 하면 장수 하겠다.
화토금,火土金,(길),예의 있고 신용도 있어 대인 관계가 원만하다. 윗사람의 도움으로 순조롭게 뜻한 바를 이루게 된다. 재물과 명성을 얻을 운이다. 가정 운도 좋다. 부부 운이 좋아 백년해로(百年偕老)하고 자식복도 있다. 그러나 성명 각격(各格) 수리가 흉(凶)하면 가도가 불안하게 된다. 가족과 이별수가 있게 된다. 수리가 길(吉)하면 면액 된다. 건강은 심폐기능 복부 병에 걸릴 염려가 있으니 주의 해야겠다.
화토수,火土水,(흉),지혜가 뛰어 나지만 인정이 없다. 금전 운이 약하여 노력한 만큼 얻지 못한다. 웃어른이나 선조의 도움으로 잠시 성공할 수 있지만 의외의 재난으로 실패를 거듭하게 된다. 성공했던 사업도 실패하여 불행하기 쉬운 운이다. 가정 운이 좋지 못한다. 부부 사이가 화목하지 못하고 이별수가 있다. 가정적으로 행복하지 못하고 수십이 많다. 건강은 소화 질환 신장 질환에 유의 해야 겠다.
화금목,火金木,(흉),신경이 예민하고 의심이 많다. 겉으로 안정하게 보이지만 내면에는 불안하고 변화가 심하다. 실속이 없고 속이 비어 있다. 기초가 튼튼하지 못하여 불안정하다. 집과 직업에 변동이 빈번하다. 가정 운도 없다. 부부 사이 별거하거나 이별하는 운으로 외롭고 고독하다. 건강상 신경계 질환 호흡기 계통의 질환에 걸릴 위험이 있다. 건강에 유의 하시기 바랍니다.
화금화,火金火,(흉),경솔하고 고집이 있다. 부모 형제의 덕이 없고 기초 운이 불안하여 성공하기 어렵다. 대인 관계가 원만하지 못하고 구설수가 생기게 된다. 금전 운이 없어 돈을 벌어도 모이지 않다. 고독과 파란이 따르는 운이다. 가정 운도 좋지 않다. 부부 사이에 갈등이 많고 가정이 화목하지 못하다. 건강상 폐환 신경통 외상 화상 급변 등에 의한 사고수가 있으니 유의 해야 한다. 성명 각격(各格)중 수리가 길(吉 )하다 하더라도 만년에는 불행하게 된다.
화금토,火金土,(흉),고집이 세고 남에 대한 비평을 잘한다. 인덕(人德)이 없어 성공 운이 없다. 일시적인 발전이 있으나 재난의 연속으로 실패하게 될 운이다. 가정 운도 좋지 못하다. 부부 사이에 정이 없고 갈등이 많다. 자녀가 불효하는 등 가정 불화가 심하다. 건강상으로 난치병에 걸릴 우려가 있다. 신경성 위장 장애 순환기 질환 기관지 질환 등으로 고생할 운이니 주의 해야 한다. 성명 각격(各格) 수리가 모두 길(吉)로 되어 있으면 전환되어 안정을 회복할 수 있는 운으로 복을 누리게 된다.
화금금,火金金,(흉),결단력이 강하고 재능이 훌륭하다. 그러나 일이 뜻대로 이루어 지지 않다. 불만이 많으니 하는 일마다 실패가 따른다. 성공 운이 부족하고 재액이 갈수록 심해진다. 직업과 주거의 이동이 빈번하다. 가정 운 또한 없다. 부부 사이에 불화가 많아 가정이 원만하지 못하다. 안팎으로 수심이 많겠다. 건강도 좋지 않으니 심장 스트레스에 의한 신경 질환 시력 감퇴에 주의 해야 한다.
화금수,火金水,(흉),신경이 예민하고 의심이 많은 성격이다. 다른 사람에 대해 비평하기를 좋아 한다. 하는 일마다 발전이 계속되지 못하고 성공 운이 희박하다. 파란과 재앙이 많은 운으로 급변 몰락할 징조가 있다. 가정 운도 빈약하다. 부부 사이에 정이 별로 없고 가정 불화로 고독한 삶을 보내게 된다. 수심이 많은 가운데 건강이 나빠지게 된다. 심장병 동맥경화 폐환 정신병 등에 주의 해야겠다.
화수목,火水木,(흉),자존심이 강하고 재능이 뛰어 나지만 소극적인 면이 많다. 부모 형제의 덕(德)이 없으니 기초 운이 불안하다. 겉으로는 안정된 것처럼 보이지만 안으로는 불안하기만 하다. 일시적인 성공은 있으나 급변 급화로 몰락하기 쉽다. 금전 운도 좋지 못해 재난이 많고 고생하는 운이다. 학생은 학업 운이 없다. 가정적으로 안정치 못한다. 부부 사이에 의견 대립이 많고 이별 수까지 있다. 폐환 신장병 심장 질환 신경성 질환 등 신체가 허약하여 병이 많이 따릅니다. 건강에 각별히 신경을 써야 한다.
화수화,火水火,(흉),활동적이지만 신경질적이고 마음이 매우 불량하다. 노력한다고 하더라도 기초가 불안하여 재화(災禍)가 자주 일어 나게 된다. 하는 일마다 성취되는 것이 하나도 없다. 금전 운도 없어 경제적으로 고생이 심하다. 집과 직업에 변화가 자주 있어 불안정한 생활이 계속된다. 가정 운도 매우 좋지 못하다. 처자와 생리사별(生離死別)할 운이다. 자손 운까지 나쁘게 된다. 신체가 허약하여 심장병 혈압성 질환 급사하는 위험이 있다. 흉 운이 많이 겹칠 수이다.
화수토,火水土,(흉),자존심이 강하고 예민한 성격을 지녔다. 겉으로는 안정된 생활인 것처럼 보이지만 내면적으로 정신적으로 불안하다. 성격상 활동적인 생활을 해 나가지만 성과가 없다. 가정 운도 매우 좋지 못하다. 애정 운이 없고 가정 불화가 생기게 된다. 건강 운도 좋지 않아 급사 병사 단명할 운이다. 전체적으로 흉한 운이다.
화수금,火水金,(흉),지혜가 뛰어 나지만 자존심이 강하고 모든 일에 불평과 불만이 많다. 부모 형제의 덕이 없어 기초 운이 부족하다. 하는 일이 결실이 없고 뜻대로 잘 풀리지 않는다. 재화가 자주 일어나니 성공하기 어렵다. 금전적으로도 안정치 못하다. 가정 운 또한 좋지 못하다. 부부 사이가 화목하지 못하고 부모와 자녀와의 인연이 없고 자손 운이 불리하다. 건강 운도 좋지 못하다. 빈혈 신경성 노이로제에 주의 해야 한다.
화수수,火水水,(흉),머리가 명석하고 총명하다. 그리고 자존심도 매우 강하지만 지나치게 잘난 척 하는 경향이 있다. 부모덕이 없고 기초 운이 빈약하다. 재주가 뛰어나 일시적인 성공은 있지만 불의의 재난으로 성공을 지속시키지 못한다. 급변 급화의 운이 계속 따릅니다. 고독하고 좌절하는 일을 많이 겪게 된다. 가정 운도 좋지 않다. 부부 사이 정이 없고 불화가 많다. 자식 덕도 없으니 외롭고 고독하다. 건강상 급사 병고를 당할 운이다. 운수가 매우 나쁩니다. 특히 교통 사고를 주의 해야 한다.
토목목,土木木,(흉),외유내강(外柔內剛)한 기질로 노력하는 사람이다. 겉으로는 길(吉)로 보이지만 내면에는 불안하고 흉(凶)이 있다. 노력을 하지만 대가가 항시 작게 나타납니다. 부모의 덕이 없으니 기초 운도 좋지 못하다. 가정 운도 좋다 할 수 없다. 부부 사이에 정이 없고 이별수가 있다. 성명 각격(各格)중 수리가 나쁘게 나오면 운이 없고 위장계 질병이 생길 우려가 있다. 건강상 신경통 류마티스 관절염 신경성 질환에 유의 해야 한다.
토목화,土木火,(길),머리가 명석하고 적극적이고 노력하는 사람이다. 처음에는 고생이 있고 곤고와 번뇌가 따릅니다. 그러나 점차 좋아지니 순조롭게 성공할 수 있다. 안락한 생활을 하게 된다. 대인 관계가 원만하여 주위 사람으로부터 신망(信望)을 얻게 된다. 가정 운도 있다. 부부 사이가 다정하고 자손들도 효도 한다. 건강도 나쁜 편이 아니다. 위장 질환 만성 피로 증만 조심하면 장수를 누리게 된다.
토목토,土木土,(흉),적극적인 성격에 주관적이고 노력형이다. 그러나 기초 운도 불안하고 하는 일에 실패를 여러 번 겪게 된다. 금전 운 없기 때문에 돈을 벌어 들이는 것보다 더 많이 나가게 된다. 순조롭지 못한 인생 운이다. 환경이 자주 변하고 집안도 불안하다. 가정 운이 별로 좋지 못한다. 부부 사이에 의견 충돌이 많아 가정 불화가 생기게 된다. 건강상 위장 장애 간 기능 약화 순환기 계통 질환에 유의 해야 한다. 신체가 약하여 잔병이 많이 생기게 되니 조심하는 것이 좋겠다. 여자는 결혼을 늦게 해야 좋으며 중매로 결혼 하는 것이 좋다.
토목금,土木金,(흉),재치가 뛰어 나고 오락을 좋아한다. 그러나 성공이 어렵다. 노력을 하지만 뜻을 이루지 못한다. 집과 직업이 자주 바뀌는 등 주변 환경이 변화가 심하다. 대인 관계도 원만치 못하다. 아랫사람에게 배신 당할 수 있으니 조심 해야겠다. 가정 운도 좋지 않다. 부모와 의견 대립이 심하고 가정 불화가 많다. 여자는 남편 덕이 없고 자식복도 없다. 수심이 많고 외로운 운이다. 건강상으로는 위장병 복부 질환 신경 질환 폐 질환에 조심 해야 한다.
토목수,土木水,(흉),정직하고 모든 일에 노력하는 사람이다. 약간의 성공 운이 있지만 내면으로는 불안하다. 시작은 좋으나 결실이 좋지 못하다. 대인 관계가 원만하지 못하다. 인덕(人德)이 없어 배신 당하는 일이 생길 운이다. 일생 동안 안정치 못하고 객지를 떠돌게 된다. 가정 운 또한 좋지 못하다. 부모의 덕이 없으니 초년부터 고생하게 되는 운이다. 부부 사이도 화목치 못하고 불화가 심하다. 건강도 매우 흉(凶)하다. 신경성 질환 신장병에 유의 해야겠다. 급변 급난이 닥칠 운이다.
토화목,土火木,(길),성격이 적극적이고 활동적이며 재주가 아주 뛰어 납니다. 기초 운이 튼튼하고 신망(信望)과 명예를 얻으며 순조롭게 성공 하게 된다. 뜻한 바를 어렵지 않게 얻으니 부귀공명(富貴功名)할 운이다. 가정 운도 매우 좋다. 부모에게 효성이 지극하고 부부 운도 좋아 행복한 가정을 이룹니다. 또한 총명한 자손을 얻게 된다. 심신도 편안하여 장수하게 된다. 이 모든 영화(榮華)가 대대로 이어지게 된다. 정치와 경제계에서도 크게 성공할 수 있다. 매우 복(福)된 운이다.
토화화,土火火,(길),성격이 밝고 명랑하며 활동적이다. 기초 운이 튼튼하여 성공이 순조롭다. 주위의 신망을 얻게 되며 지위가 상승하게 된다. 만사형통(萬事亨通)할 운이다. 배우자운도 좋고 화목한 운이 유도된다. 건강은 자주 체크 하는 것이 좋겠다. 그러나 시기를 잘 잡아야 순조로운 운이다.
토화토,土火土,(길),노력하는 사람으로 친절하며 대인 관계가 원만하다. 따라서 하고자 하는 바를 크게 성공할 수 있다. 기초 운도 튼튼하다. 부귀영화(富貴榮華)를 얻게 된다. 가정 운도 매우 길(吉)하다. 배우자운도 좋으니 착실한 배우자를 만나게 된다. 자녀가 창성(昌盛)하여 남부러운 것이 없게 된다. 건강도 좋으니 장수하게 된다. 정치나 경제 교육 계통으로 진출하면 크게 성공하게 된다.
토화금,土火金,(흉),성실하고 노력하는 사람이지만 성격이 급한 면이 있다. 일시적인 성공으로 겉으로는 길(吉)한 것처럼 보이지만 내면에는 불안하다. 인내심이 부족하여 실패하는 일이 자주 있다. 생활이 안정치 못하고 변화가 많다. 가정 운도 좋지 못하다. 부모와 형제의 덕이 부족하고 부부 사이 또한 원만하지 못하다. 마음이 편하지 못하고 심적 갈등이 심하다. 건강 운도 길하지 못하니 정신 과로 호흡기 질환에 유의 해야 한다.
토화수,土火水,(흉),신경이 예민하고 고집이 강한 성격이다. 처음에는 일시적인 성공이 있을지 모르지만 재난(災難)과 금전적인 갈등으로 성공을 유지하지 못한다. 일생 동안 급변(急變) 손재 급화가 계속되어 파란만장(波瀾萬丈)한 삶을 살게 된다. 가정적으로 불화가 심하고 부부 사이에 이별수가 있다. 정신적 육체적 고통이 심하다. 심장 마비 간염 신장 계통의 질병에 유의 해야 한다. 돌발 사고의 위험이 있으니 항시 주의 해야 한다.
토토목,土土木,(흉),정직하지만 융통성이 없고 잘난 척하는 점이 있다. 잠시 성공의 길을 갈 수 있지만 주변 환경에 변화가 심하고 안정치 못하며 성공 운이 순조롭지 못하다. 집과 직업에 변화가 심하다. 금전 운도 좋지 않아 경제적으로도 안정되지 못한다. 인덕(人德)도 없다. 가정에서는 친척과 불화가 많고 부부 사이에 충돌이 많으니 행복한 가정을 이룰 수 없다. 결혼을 늦게 하는 것이 좋다. 만년에 조금 성공하는 경우도 있겠으나 불안정하다. 건강상으로도 위장병 신경계 질환 간 계통의 질환에 유의해야 한다. 특히 교통 사고를 조심해야 한다.
토토화,土土火,(길),성격이 온유하며 정직한 성격이다. 머리가 뛰어 나고 노력하는 사람으로 어떤 일이든 잘 해내는 능력이 있다. 성공 운이 순조롭다. 크게 성공하여 부귀영화(富貴榮華)를 누리게 되는 운이다. 가정 운도 매우 길(吉)하다. 부부 사이에 정이 많고 영화(榮華)가 자손에게까지 이어지게 되니 대복(大福)을 누리게 되는 운이다. 건강도 나쁘지 않으니 신경성 질환에만 주의하면 장수를 누리게 된다.
토토토,土土土,(흉)/종격 길.,고지식한 면이 있지만 남다른 재능을 갖고 있다. 따라서 성공 운이 순조롭고 자연히 행복을 누리게 된다. 대인 관계도 원만하다. 가정 운도 매우 좋다. 부부 사이에 금슬이 좋고 화목한 가정 생활을 누리게 된다. 건강도 좋아 장수를 누리게 된다. 그러나 성명 각격(各格)중 수리 구성이 좋지 못하면 길(吉)하지 못하다. 모든 운세가 불길하여 의외의 재난과 고난으로 심리적 고통이 매우 크게 된다.
토토금,土土金,(길),성격이 정직하고 의지가 굳어 성공 운이 순조롭다. 대인 관계 원만하고 외교 수완이 좋으니 사회적으로도 두각을 나타내며 출세하게 된다. 가정 운도 매우 좋다. 부모와 형제간에 행복하고 부부 사이도 화목하다. 자손도 영귀(榮貴)하게 된다. 건강도 좋아 장수하게 되는 운이다. 단 이성을 조심해야 한다. 이성으로 인해 화를 입을 수 있으니 염두 해야 한다. 이점만 조심하면 운수대통(運輸大通)하는 운이다.
토토수,土土水,(흉),인정이 있지만 고집이 강한 면이 있다. 인덕(人德)이 부족하고 기초 운이 불안정하다. 일시적인 성공이 있더라도 하루 아침에 몰락하게 되는 운이다. 금전적으로도 안정치 못하고 하는 일마다 실패가 따릅니다. 급변 급화로 어려움이 많을 운이다. 가정 운도 매우 좋지 않다. 부모 형제의 덕이 없고 부부 사이에도 불화가 많이 있다. 안팎으로 수심이 가득하다. 자손 역시 불효(不孝)하게 된다. 건강도 좋을 리 없다. 심장병 위장병의 위험이 있고 급사의 위험도 있다. 특히 운전자는 교통 사고에 주의 해야 한다.
토금목,土金木,(흉),온유한 성품을 갖고 있지만 신경이 예민하고 의심이 많다. 윗사람의 도움으로 일시적인 성공은 있겠으나 기초 운이 불안하여 성공을 유지 할 수 없다. 겉으로는 안정해 보이지만 내적으로 갈등이 많다. 가정 운도 좋지 않다. 부부의 정이 없고 이별수가 있다. 처자와의 인연도 없다. 건강도 길(吉)하지 못하니 폐질환 신경성 질환으로 고생하게 된다.
토금화,土金火,(흉),하는 일이 순조롭지 못하다. 일시적인 성공이 있다 하더라도 주위의 환경이 불안정하여 곤란을 겪게 된다. 집과 직업에 변화가 빈번하다. 가정 운도 좋지 못하다. 부부 사이 갈등과 이별수가 있고 자손이 불효 하는 등 어려움이 많다. 건강도 길하지 않다. 폐질환 뇌 질환 신경성 질환으로 고생하게 된다. 성명 각격(各格)중 수리 구성이 불길하면 급변 급사의 운이 강하다.
토금토,土金土,(길),온유한 성품에 대인 관계가 원만하다. 위 아래 사람에게 존경을 받게 된다. 부모와 윗사람에게 도움을 받으니 기초 운이 튼튼하여 성공 운이 순조롭다. 노력한 만큼의 성과가 크게 나타난다. 가정 운도 길(吉)하다. 배우자운이 좋아 백년해로(百年偕老)하게 되고 안팎으로 부귀영화(富貴榮華)를 누리게 된다. 명예 지위를 크게 얻게 되고 평안한 생활이 자손에게까지 이어지게 된다. 심신이 안정되니 건강도 좋아 장수하게 된다.
토금금,土金金,(길),의지가 굳고 자부심이 강한 성격이다. 운이 비교적 순조롭다. 뜻한 바를 성공 발전하게 된다. 여러 사람과 친화력이 부족하여 인간관계가 원만하면 크게 성공하게 된다. 가정적으로도 행복한 운이다. 부부 사이 정이 많고 백년해로(百年偕老)하게 된다. 자손 운도 좋으니 평안한 생활을 누립니다. 건강도 나쁘지 않으니 신경통만 주의 하면 장수한다. 그러나 성명 각격(各格) 수리가 나쁘면 건강이 나쁘고 뜻밖의 조난(遭難)을 당하게 된다.
토금수,土金水,(길),자부심이 강하고 매사 자신감에 차 있어 추진력이 뛰어 납니다. 윗사람의 도움으로 순조롭게 성공 발전한다. 특히 사회적으로 크게 출세 한다. 정치나 법률에 종사하면 크게 성공할 수 있다. 그러나 뜻밖의 재난으로 실패하게 되는 운이 있다. 항상 유의 해야 한다. 성명 각격(各格)중 수리가 흉(凶)하면 가족과 생리사별(生離死別)할 수가 된다.
토수목,土水木,(흉),온후하고 침착한 성격이지만 소극적이고 생활력이 부족하다. 불의의 재화로 모든 일이 성사되기 어렵다. 인덕(人德)이 없고 사기 당하는 수가 있으니 유의 해야 한다. 가정 운도 좋지 못하다. 부부 사이 원만치 못하고 불화가 심하며 홀로 고독하고 외로운 생활을 하게 된다. 건강 또한 흉(凶)하다. 위장병 폐질환 호흡기 질환 등 난치병으로 고생하거나 단명하기 쉬운 운이다.
토수화,土水火,(흉),신경이 예민하고 신경질적인 면이 있다. 재능이 뛰어 나지만 뜻밖의 재난으로 성공하기 어렵다. 금전 운 또한 좋지 못하여 재산상 손실이 있다. 부모의 덕도 없고 가정 운도 좋지 않다. 부부 운이 불길하고 가정에 불화가 있으니 심적으로 안정을 찾기 어렵다. 당연히 건강도 길하지 못하니 심장병 위장병 신경 쇠약으로 고생하거나 급변 급난으로 단명하기 쉬운 운이다.
토수토,土水土,(흉),재능이 있고 겉으로는 양호하다. 그러나 내적으로 실속이 없고 환경이 불안정하다. 직업 주거의 변동이 심하고 하는 일마다 실패만 당하게 된다. 어떤 일이든 뜻하는 대로 이루기 어렵겠다. 가정 운도 좋지 않다. 부모의 덕도 없고 부부 사이가 화목치 못하며 불화가 심하니 수심(愁心)만 가득하다. 건강도 길(吉)하지 못하다. 심장병 위장병 신장병에 유의 해야겠다. 뜻밖의 재화로 곤액이 많을 운이다. 특히 어린이는 물가를 조심해야 한다.
토수금,土水金,(흉),두뇌가 명석하지만 매사 불평불만이 많다. 기초 운이 불안하고 일시적인 성공은 있으나 노력에 비해 성과가 좋지 않다. 금전 운도 좋지 못하다. 손재를 자주 있겠으니 주의 해야겠다. 가정 운도 길(吉)하지 않다. 부부 사이 의견 충돌이 자주 일어나고 이별수가 있다. 건강상 부상을 당하기 쉽고 심장병 신장 질환 혈압성 질환에 유의 해야겠다. 여자는 결혼을 늦게 하고 결혼 후 사회 활동을 하는 것이 좋다.
토수수,土水水,(흉),마음이 착하고 선천 운이 양호하여 일시적인 성공이 있겠다. 그러나 길(吉)과 흉(凶)이 자주 바뀌는 운을 갖고 있다. 노력에 비해 결과가 좋지 못하고 급변 급화가 따릅니다. 뜻하는 대로 잘 이루어 지지 않다. 가정 운은 부부 사이에 의견 대립이 있지 안정하지 못하다. 안으로 수심이 많다. 건강상 심장병 관절염에 주의 해야겠고 급변 교통사고 위험이 있으니 유의 해야 한다.
금목목,金木木,(흉),노력형으로 하고자 하는 뜻은 있다. 그러나 기회를 잡지 못하고 하는 일마다 성공이 어렵다. 부모 형제의 덕이 없고 모든 일이 불안정하다. 가정 운도 없다. 부부가 합심(合心)하지 못하고 의견 대립이 심하다. 안팎으로 불길한 운이 계속 이어집니다. 건강상 신경계 질환 외상에 유의 해야 하고 돌발적인 사고에 주의 해야 한다. 특히 어린이는 교통 사고에 조심해야 한다.
금목화,金木火,(흉),활동적이고 겉으로는 양호해 보이지만 내면으로는 실속이 없다. 모든 하는 일이 급화나 급난으로 성공 발전할 수 없다. 가정적인 면도 좋지 않다. 부부 운이 불길하여 이별수가 있으며 불화가 심하다. 건강도 나빠 신경성 질환 호흡기 질환 노졸 증으로 고생하게 되거나 각종 질병으로 단명하게 되는 운이다. 특별히 건강에 신경 써야겠고 어린이는 교통 사고를 조심 해야겠다.
금목토,金木土,(흉),자존심이 강하고 의심이 많은 성격이다. 분주하게 활동 하지만 일마다 실패수가 따른다. 금전적으로도 안정치 못하여 경제적으로 많은 어려움이 있다. 가정 운도 매우 길(吉)하지 못하다. 부부 사이에 의견 대립이 심하고 가산(家産)이 줄어드는 운이다. 그 우환이 자손에게까지 이어지게 된다. 마음 고심이 심하고 처자는 생리사별(生離死別)하게 된다. 건강은 신경성 질환 심장 질환 등 병 난으로 고생하겠다. 학생은 학업 운이 없다. 일생을 불우하게 보내는 운이다.
금목금,金木金,(흉),정이 많아 다정하면서도 의심을 잘하는 예민한 성격이다. 불평과 불만이 많고 고집이 강하여 신용이 없고 일을 성사 시키기 어렵다. 금전이 따르지 않으니 경제적으로도 불안하다. 노력을 해도 결과가 좋지 않고 중도에 좌절해 버리고 맙니다. 가정적으로 부모와 형제의 덕이 없고 부부 운도 좋지 않아 이별수가 있다. 건강상 위장 장애 신경통 간 질환에 주의 해야겠다. 그리고 뇌 손상으로 단명하기 쉬운 운이니 매사 조심 해야겠다.
금목수,金木水,(흉),정이 많고 인내력이 강하여 한 번 일을 시작하면 끈기 있게 해 나가지만 운이 따르지 않는다. 혹 성공을 한다고 하더라도 뜻밖의 재난으로 몰락하게 되는 운이다. 각종 재난으로 고생이 많을 운이다. 가정적으로 화목하지 못하다. 부모의 덕이 없고 부부 사이에 별거수가 있다. 안정된 가정 생활이 어렵겠다. 건강상 신경 쇠약 호흡기 질환이나 관절염에 유의 해야 한다. 난치병으로 고생하거나 조난(遭難)으로 단명하게 되는 운이다.
금화목,金火木,(흉),대인 관계가 원만하고 여자는 풍류적이고 매력적이지만 고집이 매우 강하다. 운수가 매우 불길하여 성공을 하더라도 오래 가지 못한다. 주변에 변화가 자주 있어 생활에 안정이 없다. 가정 운도 좋지 않다. 부부 사이에 이별수가 있으며 자손 운도 불길하다. 건강상 간 기능 약화 신경성 질환 폐환에 유의하고 교통 사고에 주의 해야 한다.
금화화,金火火,(흉),성격이 급하고 허영심이 많다. 일시적으로 성공을 할 수 있지만 오래 가지 못하고 실패를 하게 된다. 부모와 형제의 덕이 없으니 기초 운이 튼튼하지 못하다. 하는 일에 순조롭지 못하고 막힘이 많다. 가정 운도 좋지 않다. 부부 사이에 불화가 많으니 화목치 못하다. 건강상으로 뇌일혈 동맥경화 혈압성 질환에 유의 해야 한다.
금화토,金火土,(흉),활발한 성격이지만 잘난 체 하는 기질을 갖고 있다. 기회가 찾아와도 찬스를 잡지 못하니 운세가 차차 기울어 지고 성공과 발전이 어렵다. 가정 운도 원만하지 못하다. 부부 사이에 성격 차이로 이별수가 있다. 안팎으로 불안한 생활이 이어진다. 건강도 좋지 않다. 심장 쇠약 폐질환 간 기능 약화로 고생하게 되는 운이다.
금화금,金火金,(흉),머리는 영리하지만 지나치게 잘난 척하고 교묘하다. 겉으로는 안정된 생활 같아 보이지만 내면적으로는 실속이 없고 곤하다. 불의의 재난이 있고 금전적으로도 안정치 못해 심적 갈등이 심하다. 가정 운도 좋지 못하다. 부부 사이에 의견 대립이 심하고 생리사별(生離死別)의 불운이다. 건강상 신경쇠약 두통 외상 폐환의 난치병으로 고생하게 되는 운이다. 건강에 각별히 신경 써야 한다.
금화수,金火水,(흉),외유내강(外柔內剛)한 성품이지만 고집스럽고 매사 불평과 불만이 많다. 기초 운이 불안하고 전체적으로 운세가 불안정하다. 뜻밖의 재난이나 급변으로 어려움이 많이 생기겠다. 재난으로 일을 마무리 짓지 못하는 일이 자주 생기게 된다. 재산과 생명에까지 위험이 있다. 가정 운도 길(吉)하지 않다. 부부 운이 없고 고독하게 지내는 삶이다. 건강상으로는 심장 뇌 위장병 순환기 계통의 질환에 유의 해야 한다.
금토목,金土木,(흉),자존심이 강하고 굽힘이 없다. 환경이 불안하고 인덕(人德)도 없다. 순조롭게 성공하다가도 불안정한 생활로 바뀌게 된다. 항상 노력하지만 실속이 없고 결실이 없다. 가정 운도 원만하지 못하다. 부모 형제의 덕이 없고 부부 사이 불화가 심하다. 일생 동안 안정된 생활을 찾기 힘 든다. 건강도 좋지 않으니 유의 해야겠다. 간과 폐 기능 약화 당뇨병에 조심해야 한다. 성명 각격(各格)중 수리가 흉(凶)이면 단명하게 되는 운이다.
금토화,金土火,(길),사교성이 풍부하다. 기초 운이 튼튼하여 목적 한 바를 얻게 되고 부귀영화(富貴榮華)를 누리게 된다. 성공과 발전이 순탄하다. 가정적으로도 안정하다. 배우자운이 좋고 자녀가 효도 한다. 그리고 그 영화(榮華)가 대대로 이어지게 된다. 건강도 매우 좋다. 단 혈압성 질환에만 유의 하면 장수하게 된다. 간혹 흉(凶)이 있을 수도 있으니 조심해야 한다.
금토토,金土土,(길),지혜가 풍부하고 노력형이다. 대인 관계가 원만하고 사회활동 또한 순조롭다. 따라서 순조롭게 성공하여 부와 명예를 얻게 된다. 인덕(人德)도 있으니 윗사람의 도움을 받게 된다. 가정도 원만하다. 부모가 화목하고 배우자운도 있어 화목한 가정을 이루게 된다. 집안의 화평(和平)이 자손까지 이어지게 된다. 심신 또한 건강하니 장수하게 되는 대길한 운이다. 성명 각격(各格)중 수리가 길(吉)로 되어 있으면 더욱 더 길(吉)한 운을 갖게 된다.
금토금,金土金,(길),매사 원만하고 적응력이 뛰어나다. 부모의 덕으로 초년부터 행복하다. 중년에는 횡재하게 되는 운이다. 순조롭게 발전하여 성공하니 어려움이 없다. 가정적으로도 매우 길(吉)하다. 부부 사이가 화목하고 부모 형제가 화합하니 행복한 가정을 갖게 된다. 자녀 또한 효도 하니 남 부러운 것이 없게 된다. 평생 동안 행복한 생활을 누리겠다. 정치 경제 문화계로 진출하면 크게 성공한다. 건강도 좋으니 장수하게 된다.
금토수,金土水,(흉),활발한 성격이지만 매사 급한 면이 있다. 일시적인 부를 얻을 수 있겠으나 돌발적인 재난 조난으로 실패하게 된다. 인덕(人德)이 없다. 집과 직업도 자주 바뀌고 주위 환경이 안정하지 못하다. 금전적으로도 안정치 못하며 심인 불안한 생활을 계속하게 된다. 가정적으로도 안정치 못하다. 부부 사이에 의견 대립이 심하고 자식 덕도 없다. 건강도 원만치 못하다. 신장 계통의 질환 관절염 심장 질환에 유의 해야 한다. 어린이는 외상을 입을 수 있으니 신경 써야겠다.
금금목,金金木,(흉),성격이 지나치게 예민하고 고집이 강하다. 크게 성공할 수 있지만 기초가 불안하고 내적으로 실속이 없어 실패하게 된다. 경제적으로도 불안정하여 재산에 손실을 가져오고 매사 일을 성사 시키기 어렵다. 수심(愁心)이 많을 운이다. 가정적으로도 불길한 운이다. 부부 사이가 원만하지 못하고 자손 덕이 없으며 자녀가 불효한다. 건강도 좋지 못해 신경 쇠약 폐환 두통 외상 혈압성 질환으로 고생하게 된다. 성명 각격(各格)중 수리가 흉(凶)이면 반신불수가 되는 매우 좋지 못한 운이다.
금금화,金金火,(흉),성격이 고집이 강하고 급한 편이다. 의지가 약하며 독단적인 면이 있다. 대인 관계가 원만하지 못하고 인덕(人德)이 없다. 내실이 불안하여 실패만 거듭하게 된다. 일시적인 성공이 있더라도 뜻밖의 재난으로 실패하고 만다. 금전적인 운도 따르지 않아 경제적으로도 고달픈 신세이다. 가정 운도 좋지 않다. 부부 사이에 불화가 자주 생기고 생리사별(生離死別)하게 되는 운이다. 자식 덕 또한 없다. 항상 과로하고 심신이 편한 생활은 어렵겠다. 심장병 간 질환에 유의해야 하고 운전도 조심해야 한다.
금금토,金金土,(길),머리가 명석하고 성격은 강하다. 순조롭게 성공하여 뜻한 바를 이루게 된다. 크게 성공하여 부와 명예를 얻을 수 있다. 가정 운도 행복한 운이다. 부부 운이 좋아 좋은 인연을 만나게 되고 화목한 가정을 이룰 수 있다. 심신이 평안하여 건강도 좋으니 장수하게 된다. 성명 각격(各格) 수리가 길(吉)하면 발전이 빠르게 작용된다. 그러나 불길하면 의외의 재화가 발생하게 되고 질병이나 살상 조난으로 단명하게 된다.
금금금,金金金,(흉),재능이 뛰어 나지만 융통성이 부족하여 잘난 체 하는 기질이 있다. 성공 운은 따르지 않는다. 다른 사람으로부터 비난을 받을 수 있으니 항상 언행(言行)을 조심해야 한다. 삶에 고난과 역경이 많아 좌절하거나 실패하는 일이 많다. 금전 운도 좋지 않아 경제적으로도 많은 어려움이 생긴다. 가정 운도 길(吉)하지 못하다. 가족이 서로에게 불평과 불만이 많고 처자 생리사별(生離死別)하게 되는 운이다. 자녀도 불효한다. 건강도 좋지 못해 신경성 질환 당뇨병 간 경화에 신경 써야 한다. 급변 급사가 항시 도사리고 있으니 주의 해야 한다.
금금수,金金水,(길),의지가 강하고 외유내강(外柔內剛)한 성품이다. 기초가 튼튼하니 성공 운이 순조롭다. 사회적으로 이름을 널리 알리겠다. 가정 운도 좋은 운이다. 부부 사이 다정다감하고 화합이 잘 이루어 지며 자손 운 또한 좋다. 전체적으로 안정된 운이다. 그러나 성명 각격(各格)중 수리 구성이 흉(凶)이면 급변 몰락으로 큰 재난을 겪게 되고 가족과 이별하게 되거나 단명하게 되는 액운이다.
금수목,金水木,(길),온화한 성격에 재능이 뛰어 나다. 조상이나 윗 어름의 도움으로 큰 노력 없이 성공이 순조롭다. 성공 발전하여 부와 명예를 얻게 된다. 가정 운도 안정적이다. 배우자운이 좋아 건실한 상대를 만나게 되고 형제간에도 우애가 깊다. 만사형통(萬事亨通)하는 운을 가졌다. 건강도 나쁘지 않으니 심장 쇠약만 주의하면 장수하게 된다. 그러나 성명 각격(各格)중 수리가 흉(凶)이면 자손이 불효하고 위장병 신장병 폐환으로 단명하게 되는 운이다.
금수화,金水火,(흉),노력형으로 뛰어난 재능을 갖추었으나 예민한 성격에 신경질적인 면이 있다. 성공 발전이 오래 가지 못하고 차츰 기울어지는 운이다. 금전 운도 좋지 못하고 경제적 어려움을 겪게 된다. 가정 운 역시 길(吉)하지 못하다. 가족 서로간에 갈등이 생기고 가족 상별 하게 되는 운이다. 건강상 심장병 혈압성 질환 신경성 질환으로 고생하거나 단명하게 되는 운이니 유의 해야 한다.
금수토,金水土,(흉),의지가 강하여 굽힘이 없으나 고집이 강하다. 겉으로는 안정된 것 같으나 내면으로 실속이 없다. 의외의 성공이 있더라도 속이 비어 있으니 점점 기울어 지는 운세이다. 금전 운이 따르지 않아 경제적으로도 고통이 많다. 가정적으로도 불안하다. 부부 사이에 화합이 이루어지지 않으며 이별 수까지 있다. 자식도 불효한다. 건강상 폐질환 순환기계 질환 관절염으로 고생하게 되는 운이니 유의 해야 한다.
금수금,金水金,(길),명랑하고 쾌활한 성격으로 사교성이 원만하다. 윗사람의 도움으로 크게 성공한다. 사회적으로 안정되고 크게 출세하여 뜻한 바를 어렵지 않게 이룹니다. 가정적으로도 매우 길(吉)하다. 배우자운이 좋아 부부 사이가 행복하고 자손이 번영하니 가정이 화평하게 된다. 안팎으로 부귀공명(富貴功名)을 얻게 된다. 건강도 좋아 무병장수(無病長壽)하게 되는 운이다.
금수수,金水水,(길),활발하고 명랑하여 사교성도 좋다. 기초 운 또한 튼튼하여 순조롭게 발전 성공한다. 부와 명예를 함께 얻게 된다. 윗사람의 도움도 있으니 어려움이 없겠다. 가정 운도 길(吉)하다. 부부 사이가 화목하고 금슬이 좋으며 자손 덕도 보아 일생을 행복하게 보내게 된다. 그러나 성명 각격(各格)중 수리가 흉(凶)이면 후반기에 수액(水厄)이 있다. 조난을 당하거나 단명하게 되는 운이다.
수목목,水木木,(길),외유내강(外柔內剛)한 성격에 노력형이다. 기초 운이 튼튼하여 처음에는 어려움이 따르더라도 점차 나아지니 성공 발전하게 된다. 조상이나 웃어른의 도움도 따르겠다. 능성대업(能成大業)하니 권위(權威)와 재복(財福)이 항시 따른다. 가정 운도 복되다. 착실한 상대를 만나게 되고 자녀까지 영달하게 된다. 자손 덕까지 볼 수 있으니 한 평생 행복한 생활을 누린다. 건강도 좋아 장수하게 된다. 전문직으로 진출하면 크게 성공하게 된다.
수목화,水木火,(길),감수성이 예민하고 이해력이 많으며 의지 굳은 사람으로 노력형이다. 성공 운이 순조롭고 윗사람의 도움도 있겠으니 별 어려움은 없겠다. 만사가 순탄한 운이다. 가정 운도 비교적 좋다. 부부 사이가 화목하고 자손 운도 좋아 영리한 자손을 얻게 된다. 매사 평탄한 삶이다. 건강은 약간 좋지 못하므로 유의 해야겠다.
수목토,水木土,(길),온화한 성품에 이해심이 풍부하다. 감성 또한 풍부하며 기초 운이 튼튼하여 순조롭게 성공할 수 있다. 전체적으로 운세가 평탄하다. 가정 운도 길(吉)하다. 부부 사이 금슬이 좋고 화목한 가정이다. 자손 역시 효도하며 명성을 세상에 떨치게 된다. 심신도 건강하다. 평생 큰 재앙 없이 행복하게 지낼 수이다.
수목금,水木金,(흉),온순한 성품이지만 신경이 과민하다. 부모의 덕이 있어 일시적으로 성공하고 겉으로는 순조롭게 보이지만 안으로 실속이 없고 오랫동안 성공을 유지하지 못한다. 모든 일이 중도에 실패하거나 좌절하게 된다. 금전적으로 고생이 있으며 상승하지 못하는 운이다. 가정 운도 길(吉)하지 못하다. 부부 사이 화합하지 못하고 자녀 때문에 걱정이 생기게 되니 홀로 고독한 생활을 하게 된다. 특히 여자는 남편 덕이 없다. 건강도 좋지 않아 간장 질환 두통 신경성 질환 심장 질환 관절염으로 고생하게 되니 유의해야 한다. 특히 어린이는 교통 사고를 주의 해야 한다.
수목수,水木水,(길),감수성이 풍부하고 머리가 명석하다. 노력을 많이 하여 목적한 바를 이루게 된다. 부귀공명(富貴功名)하게 된다. 가정적으로도 길(吉)하다. 부모와 형제의 덕이 있고 부부 사이에 화합이 이루어집니다. 자손 또한 영화(榮華)롭다. 초년은 어려움이 있으나 중년 이후에 크게 성공을 이루게 되는 운이다. 건강상 당뇨병만 신경 쓰면 별다른 질병은 없겠다. 그러나 성명 각격(各格)중 수리가 흉(凶)이면 불의의 재난이 따른다.
수화목,水火木,(흉),친절한 면이 있지만 조급한 성격에 신경이 예민하다. 기초가 안정되어 일시적인 성공은 있겠으나 중도에 몰락하게 된다. 생활에 안정이 없고 역경이 많다. 인덕(人德)이 없고 좋지 않은 일이 자주 발생한다. 가정 운도 기대할 수 없다. 부모 형제의 덕이 없고 부부 사이 의견이 맞지 않다. 가정에 화목이 없다. 건강도 좋지 못하다. 신경성 질환 심장 질환 뇌일혈 자살 등으로 단명하게 되는 운이다.
수화화,水火火,(흉),정직한 면을 갖고 있으나 조급한 성격에 신경질을 잘 부리는 단점이 있다. 끈기가 부족하여 모든 일에 시작은 잘해도 끝은 마무리 짓지 못하니 성공이 없다. 일시적인 성공이 있더라도 재화가 생겨 실패하게 된다. 가정 운도 불길하다. 부부 사이 대립이 끊이지 않고 부모의 덕이 없고 자식을 잃게 되는 운도 있다. 건강도 좋지 못하다. 신경성 질환 심장병 순환기 계통의 질환에 조심 해야 한다.
수화토,水火土,(흉),예민한 성품에 급한 성격을 갖고 있어 끈기가 부족하다. 처음은 기초가 튼튼하여 일시적인 성공이 있을 수 있으나 불행한 운이니 중도에 실패하게 되거나 불의의 재화를 당하게 된다. 생활의 안정이 없으니 직업이나 주거의 변동이 심하다. 돌발적인 사고나 재난이 항시 따릅니다. 가정 운도 좋지 않다. 부부 사이 정이 없고 생리사별(生離死別)하고 자식 운도 없다. 건강상 심장 질환 신경성 질환 당뇨병에 유의 해야 한다. 급난 급사의 염려도 있다.
수화금,水火金,(흉),신경이 예민하고 조급한 성격을 갖고 있다. 노력을 하지만 안으로 실속이 결여되어 있다. 매사 장애와 고난이 따르는 운이다. 주위 사람으로부터 구설수가 우려된다. 가정 운도 좋지 않다. 부모 형제의 덕이 적고 부부 사이에 불화가 많다. 자손 덕 또한 기대하기 어렵다. 심신이 편하지 않으니 건강도 좋을 리가 없다. 신경성 질환 심장 질환 관절염에 주의 해야겠다.
수화수,水火水,(흉),조급한 성격에 잘난 체 하는 기질이 있다. 성공 운이 없어 매사 되는 일이 없고 생활에 곤고가 많다. 평생을 고생하다 불행하게 세상을 마치기 쉽다. 가정 운도 좋지 않다. 부모 형제의 덕이 없고 부부 사이 생리사별(生離死別)하게 되는 운이다. 건강도 좋지 못하다. 신장병 신장 질환 신격 계통의 질환 위장병으로 고생하거나 단명하기 쉽다. 각별히 신경 쓰도록 해야 한다.
수토목,水土木,(흉),감수성이 예민하고 편견적이며 허영심이 많다. 기초 운이 부족하고 환경이 불안정하다. 여러 장애가 자주 따르고 일시적인 성공은 있으나 실패를 거듭하게 된다. 인덕(人德)도 기대하기 힘듭니다. 가정 운 또한 길(吉)하지 못하다. 부부 사이에 불화와 이별수가 있다. 삶을 살아가는데 어려움이 많이 따르고 수심이 가득하다. 건강도 좋지 못하다. 기관지 계통 질환 간질환 위장병에 유의 해야 한다. 성명 각격(各格)중 수리 구성이 흉(凶)으로 되어 있으면 여자는 결혼을 늦게 하는 것이 좋다.
수토화,水土火,(흉),재지(才智)가 뛰어 나고 자존심이 강하며 허영심이 많다. 기초 운이 안정되어 잠시 성공의 길을 가게 되지만 오래 가지 못하고 실패를 하게 된다. 금전 운이 좋지 않아 경제적으로도 불안하다. 직업과 주거의 변화가 많으니 생활에 안정이 없다. 가정 운도 좋지 않다. 부모와 형제의 덕이 없고 부부 사이에 화목치 못하니 가정이 불행하다. 건강도 좋지 않다. 신경성 질환 신장 질환 위장병에 유의 해야 하고 급변이나 단명의 위험도 있다.
수토토,水土土,(-),허영심이 있고 자존심이 강하지만 활발하지 못하고 소극적이다. 충실히 노력하여 약간의 성공은 있겠으나 운수가 불길하다. 노력한 만큼의 대가는 얻지 못하고 발전이 없다. 금전 운이 적어 경제적으로 어려움이 생기고 인덕(人德)이 없어 운세가 따르지 않는다. 가정 운도 기대할 수 없다. 부부 사이 불화가 많고 가족이 분산되는 일이 생긴다. 고독한 운을 가졌다. 건강상 위장병 신경성 질환 간 기능 약화 등에 유의 해야 한다.
수토금,水土金,(흉),세밀한 성격에 신용도 있다. 그러나 소극적인 성격에 자존심이 강하다. 초기에는 일을 잘 해 나가도 마무리가 부족하니 성공을 못하고 노력한 만큼의 대가를 얻지 못한다. 가정적으로도 안정치 못하다. 부부 사이 합심이 어렵고 수심이 가득하다. 심신이 고단하니 건강 역시 좋지 않다. 위장병 신장 질환 관절염에 각별히 유의해야 한다.
수토수,水土水,(흉),자존심이 강하고 허영심이 많다. 운세가 불안하고 성공 운이 약하다. 따라서 하는 일마다 장애가 따르고 발전이 어렵다. 일시적인 성공이 있더라도 급변이나 재화로 곤란을 겪게 된다. 가정 운도 안정치 못하다. 부모 형제와 불 합하게 되고 가족간에 생리사별(生離死別)하게 된다. 건강도 좋지 않다. 뇌일혈 위장병 심장병을 주의하고 교통 사고에 각별히 신경 써야 한다.
수금목,水金木,(흉),신경이 지나치게 예민하고 세심하며 의심이 많다. 초기에는 순조롭고 만사형통(萬事亨通)하여 풍족하지만 끝 맺음이 없고 돌발적인 화로 실패하게 된다. 금전 운이 따르지 않으니 경제적으로도 불안하고 주변 환경 또한 불안하다. 가정 운도 안정치 못하다. 부부 사이 합심이 어렵고 갈등이 많다. 부모와 일찍 이별하고 자녀도 불효한다. 안팎으로 많은 재난과 고난을 겪게 되는 운이다. 건강도 좋지 않다. 폐질환 신경통 외상 신경성 질환에 유의 해야 한다.
수금화,水金火,(흉),활발한 성격이지만 말을 경솔하게 하는 편이라 말과 행동이 일치 하지 못한다. 기초 운과 성공 운이 부족하여 성공을 하더라도 운세가 기울어 실패를 하게 된다. 일생 동안 행운은 누리기 어렵겠다. 금전 운이 없어 수입보다는 지출이 많고 경제적 어려움이 많이 따릅니다. 가정 운도 길(吉)하지 못하다. 부모와의 인연이 없고 가정 불화가 있으며 이별 수까지 있다. 건강도 좋지 않다. 신경통 위장병 폐질환 신경성 질환에 유의 해야 한다.
수금토,水金土,(길),머리가 명석하고 총명하며 노력형이다. 기초 운이 튼튼하여 성공 운이 순조로우니 운수가 대통하겠다. 뜻한 바를 어렵지 않게 얻을 수 있다. 가정 운도 길(吉)하다. 형제간에 화목하고 부부 사이도 다정다감 하다. 자녀들도 효도 한다. 자손 역시 영귀(榮貴)하게 되니 일생 평안한 운이다. 건강 운 역시 좋아 장수를 누리게 된다.
수금금,水金金,(길),두뇌가 명석하고 뛰어난 재지(才智)를 갖고 있다. 기초 운도 튼튼하고 성공 운도 좋으니 순조롭게 성공 발전 한다. 부(富)와 귀(貴)을 모두 얻으며 뜻한 바를 어렵지 않게 얻을 수 있다. 가정 운도 복(福) 되다. 부모 형제 화목하고 부부사이 역시 금슬이 좋다. 안팎으로 평안된 삶이다. 건강 또한 좋으니 장수를 누리게 된다. 그러나 성명 각격(各格)중 수리가 흉(凶)하면 불운한 생활을 하게 된다.
수금수,水金水,(길),온화하고 겸손한 성품을 지녔다. 운수가 매우 길(吉)하다. 뜻한 바를 어렵지 않게 얻게 되고 행복을 누리게 되는 운이다. 부귀와 명예를 얻게 되고 출세 운도 순조롭다. 가정적으로도 안정된다. 부부 사이에 화목하고 영특한 자손도 얻게 된다. 그러나 성명 각격(各格)중 수리가 흉(凶)하면 수액(水厄)이 있고 급변을 당하게 된다
수수목,水水木,(길),활달한 성품이지만 자신을 과신하는 기질이 있다. 꾸준히 노력하여 크게 성공하기도 한다. 성공 운이 순조롭고 환경이 안정적이기 때문에 어려움이 없다. 가정적으로도 안정하다. 부부 사이 화평하고 자녀들도 효도 한다. 만사가 순탄한 운이다. 그러나 성명 각격(各格)중 수리가 흉(凶)이면 부부 사이가 불화하고 불운을 겪게 된다.
수수화,水水火,(길),신경이 지나치게 예민하고 신경질적이며 자만심도 강하다. 하는 일마다 뜻밖의 재화나 재난으로 어려움을 겪게 된다. 경제적으로도 안정치 못하고 집과 직업에 변화가 많으니 안정된 생활은 어렵다. 가정 운도 길(吉)하지 않다. 부모와 일찍 이별하게 되고 형제와도 인연이 없다. 부부 사이 의견 대립이 빈번하며 처자와 생리사별(生離死別)하게 되는 운이다. 건강 운도 좋지 않다. 심장 질환 혈압성 질환 위장병에 유의 해야 한다.
수수토,水水土,(흉),총명하지만 자만심이 강하고 급한 성격을 지녔다. 인덕(人德)이 없고 일시적인 성공이 있더라도 뜻밖의 재난이나 급변으로 실패하게 된다. 전운도 좋지 않으며 하는 일마다 장애가 따르니 평생 동안 불안한 생활만 하게 된다. 가정 운 역시 좋지 않다. 부부 사이 생리사별(生離死別)하게 되고 자식 덕도 기대하기 어렵다. 자녀가 불효하니 심신이 고달프기만 하다. 건강 운도 길(吉)하지 못하다. 신장 질환 관절염 심장병 혈압성 질환에 유의 해야 한다. 특히 여자는 남편 덕이 없다.
수수금,水水金,(길),머리가 총명하며 노력형이다. 기초 운이 튼튼하여 성공 운이 순조롭다. 만사가 순조로우니 부와 명예를 얻게 된다. 그러나 방탕한 생활은 불행을 자초하는 경우이다. 가정적으로도 부부 사이 화목하니 복(福) 된 운이다. 건강상으로도 말년에 신경성 위장병과 당뇨병만 유의 하면 건강한 편이다. 그러나 성명 각격(各格)중 수리가 흉(凶)하면 불의의 재액을 당하거나 단명하는 수가 있다.
수수수,水水水,(흉),활동적이지만 자만심이 강하다. 초년 운이 순조로우니 일시적인 성공은 있겠으나 뜻하지 않은 재앙으로 오래 가지 못하고 실패를 가져온다. 하는 일마다 실패를 가져오니 뜻한 바를 이루기 어렵다. 가정 운도 길(吉)하지 못하다. 부부 사이 불화가 심하여 고독한 생활을 하게 된다. 건강 운도 따르지 않으니 신장 질환 심장병 급변 등으로 고생하게 되는 운이다. 성명 각격(各格)중 수리가 흉(凶)으로 구성되어 있으면 수액(水厄)까지 따르니 유의 해야 한다.