11重天乾,1효   2595,諸葛何人 躬畊南陽 諸宮生身 手弄千金 沃野千里 田土洋洋,제갈양이 어떠한 사람인고 몸소 남양의 밭 갈도다  제궁이 생신하니 수롱천금하고 옥야에 전토가 많으리라,2효   2812,龍得明珠 興雲致雨 見龍在田 貴人來助 韓信罷釣 杖鈕渡准,용이 구슬을 얻어 구름을 일으켜 비를 내리도다용이 밭에 있으니 귀인이 도우리라 한신이 낚시를 파하고 칼을 짚고 회수를 건넘과 같도다,3효   3029,池魚送神 家空財敗 范增奇計 擧玦鴻門 陰陵失路 田夫欺楚,못고기가 정신을 잃은 격이니 가산이 공패하리라 범중의 기이한 계교로 홍문에 잔을 듦이요 음험한데 길을 잃으매 전부가 속이어 갈아치도다,4효    9078,錦衣夜行 泣蘭改琴 千里可見 一人頭大 子失其父 怪物變化,비단옷 입고 밤길 가는 격이요 아들을 잃고 상처할 격이오 천리길을  가는데 홀연히 머리 큰 사람을 보았도다 아들이 아비를 잃으매 괴물이 변화하도다,5효   1239,子抱其病 金火誘人 在內逢傾 出外遇險 金石南昌 有物無謀,아들이 병이 있으매 쇠와 불로 사람을 달래는 격이라 집에 있으매 위태함을 볼 것이오 외출하면 흉함을 만날격이오 금석은 남창에 물건이 있어도 꾀가 없도다,6효   3400,身作秋草 蘭庭又霜 功成身退 榮事可敗 潰圍南出 項羽失國,몸이 가을 풀이 되매 자궁에 또 서리가 오는 격이오 공을이루자 물러나니 영화로운 일에 패하리라 포위를 벗어나니 항우 나라를 잃은 격이다
12 天澤履,1효   4492,君唱臣和 萬物得意 金逢火中 鍊金之像 晚樹花紅 乃得其吉,임금이 화창함에 신하가 화답하니 만물이 뜻과 같이 되리라 금이 불을 만나니 쇠를 불릴 상이라 늦은 나무 꽃이 붉으니 그 길함을 얻으리라,2효   4697,一往江湖 生財可期 看魚未釣 憂心在水 欲貧南方 一驚精神,한번 강호에 가면 재물이 생기리라 고기를 보고 잡지 못함에 근심이 물에 있도다 남방을 탐하고자 하다가 한번 정신이 놀래리라,3효   4902,身隨萍水 足踏虎尾 若無叩盆 人間一別 家近靑山 有家無主,몸이 물을 따름에 범의 꼬리를 밟았도다 만일 상처하지 않으면 인간 이별을 하리라 집이 청산에 가까우니 집은 있어도 주인이 없도다,4효   8575,田土之事 奔走無暇 浪靜波平 順水行船 整地千丈 乃得淑金,전토의 일로 분주하여 여가가 없도다 물결이 고요함에 배를 순수히 부리도다 땅 천길을 파서 금을 얻는 격이다,5효   0616,天與有便 至誠所致 不顧家產 東西奔走 寶玉如寶 得罪人倫,하늘이 줌이 편벽이 있으니 지성한 소치라 가산을 돌보지 않고 동서로 분주 하도다 보화가 보화 같으나 죄를 인륜에 얻도다,6효   2657,兄弟之間 小有上憂 偶逢道路 琢玉琢石 春色弄花 乃得寶榮,형제간에 조그마한 근심이 있으리라 우연이 길을 만나 옥을 쪼고 돌을 쪼니 봄빛에 꽃을 희롱하고 영화로움을 얻으리라
13 天火同人,1효   6533,鼸士出世 事必紛亂 出山不吉 入山大吉 能食蒼苔 石人長江,은사가 세상에 나감에 일이 반드시 분란하리라 산에서 나가면 길하지 않고 산에 들어가면 대길하리라능히 창태를 먹으면 돌 사람 긴 강이라,2효   6738,君臣際會 餘慶彬彬 東風洛橋 揚名賁祿 與誰同心 得金之象,군신이 서로 만나니 여경이 빈빈하리라 동풍 낙교에 이름을 날리어 귀한 녹을 받으리라  누구와 더불어 마음을 한 가지로 하면 금을 얻을 상이라,3효   6943,事在克人 含中有物 事多歸虛 心煩無暇 病樹多風 膝下有憂,일이 사람을 극하는 데 있으니 먹음은 가운데 물건이 있도다 일이 많이 허한 데로 돌아가니 마음이 번거로와 겨를이 없으리라 병든 나무에 바람이 많으니 슬하에 근심이 있으리라,4효   8576,千里雖助 半世數榮 茫茫大海 身登危舟 驚怯必多 風枝鳥夢,천리를 비록 도우나 반 세상에 두어번 영화하리라 망망한 큰 바다에 몸이 위태한 배에 올랐도다 놀람이 반드시 많아서 바람 가지의 새의 마음이라,5효   0617,日暮亭堂 事多耗散 宅空無主 怪變連出 刼雨靑山 庭墓何事,날이 정자에 저무니 일이 많이 모산하리라 집이 비어서 주인이 없으니 괴변이 연출하리라 겁비가 청산에 울매 뜰의 묘는 무슨 일인고,6효   2658,漂落南北 師道無用 子畔其父 凶變在下 臨時見敗 諦路逢賊,남북에 표락하니 사도가 소용이 없도다 아들이 아버지를 배반하니 흉변이 아래에 있으리라 임시에 패를 보매 돌아가는 길에 도적을 만나리라
14 天雷无妄,1효   8070,運數極窮 妻子凄凉 堂上堂下 憂患連綿 平生產業 朝聚莫散,운수가 극히 궁하여 처자궁이 처량하리라 당상 당하에 우환이 연면하리라 평생 업은 아침에 모였다가 저녁에 헤어지리라,2효   8263,事多危機 得外還失 莫念悲好 貴人暗助 自有吉祚 可見大人,일에 위태함이 많으니 얻은 외에 도리어 잃으리라 슬프고 좋은 것을 생각지 말라 귀인이 은근히 도우리라 길한 복이 있어서 가히 대인을 보리라,3효   8456,若爲農仙 初難終泰 言語妄動 親戚不和 必驚天心 猛虎出林,만일 농사를 하면 처음은 어려워도 뒤에는 통태하리라 언어를 망동하면 친척이 불화하고 반드시 천심이 놀래어 맹호가 수풀에 나간 격이라,4효   8073,猛猫夜守 太倉積粟 好聽消息 麿琢成器 有子獻慶 光射九天,사나운 고양이가 밤을 지키니 창고에 곡식이 쌓였도다 반가운 소식을 듣고 탁마하여 ユ 룻을 이루었도다 아들이 경사를 드리니 광채가 구천에 뻗치었다,5효   9994,做卜無違 食祿雷火 以金換金 和得後失 紅白天然 蘭庭紛紛,어김이 없을까 점을 치니 식록이 뇌화 같도다 금으로서 금을 바꾸니 처음은 얻어도 뒤에는 잃으리라 붉고 흰 것은 천연으로 난정에 분분하도다,6효   1915,以謀非奇 但宜守舊 謀爲多端 妾奸不吉 月中桂花 来春得吉,꾀가 기이한 것은 아니라 다만 옛 것을 지키는 것이 마땅하도다 꾀가 다단하여 첩의 간사가 불길함이라 달의 계화가 봄이 옴에 길함을 얻으리라
15天風垢,1효     0615,家神逢空 變怪長出 累衣身上 一哭難免 千金盡散 四壁空立,가신이 공의를 만났으니 변괴가 오래 가리라 웃을 많이 입음에 울음율 면하기 어렵다 천금은 다 홀어지고 네 벽만 남았도다,2효    0820,見欺家敗 兒子何逝 哭淚西揮 其害自塚 靑山暮雨 父憂子死,속아서 가산을 패하니 아들이 어디로 갔는고 눈물을 서쪽으로 뿌리니 그 해가 무덤으로부터 있도다 청산 저문 비에 아비는 근심이오 아들은 죽은 격이로다,3효    1025,或添棣淚 或是堂憂 求謀不得 損己而己 北人誘之 投金水中,형제의 눈물이 더하며 부모에 근심이 많으리라 일을 구하매 얻지 못하고 내몸만 해로울 뿐이라. 북인이 달래어 금을 물가운데 넣게 하리라,4효   8578,以時誡之 餘慶滾滾 危墻可越 風波之傷 風凰和音 以木求友,때로 경계하매 경사가 진진하리라 위태한담을 넘으매 풍파에 상함이로다 봉황의 화음으로 벗을 구하는 격이다,5효   0619,犬吠龍走 上憂難免 他人之事 土窟藏身 弄千半成 水色論金,개가 짖으매 용이 달아나고 위로 근심을 면하기 어렵도다 다른 사람의 일로 몸을 토굴 속에 숨기다 천금을 희롱하다가 반을 겨우 얻으니 물빛으로 금을 의론하도다,6효   2660,心摧金谷 春暮玉樹 親戚何故 分派之像 羊驚牛愁 一哭三人 .,마음이 금곡을 재촉하고 봄이 옥수에 저문 격이라 친척은 무슨 일로 분파하여 있는고 양이 놀래고 소가 근심함이니 한번 세 사람을 울리도다
16 天水訟,1효   1912,恩澤水面 鳳鳴含書 先業助我 渡水得魚 財祿雖好 蘭庭小憂,못물에 봉이 우니 글을 먹음은 격이며 선업이 나를 도우니 물을 건너서 고기를 얻은 격이라 재록은 비록 좋으나 난정에 조금은 근심하리라,2효   2105,四顧雲塞 友損黄金 身窮逆克 無綠天地 池渴無水 枯魚逆斧,사방을 봄에 구름이 막혔으니 친구가 손재하게 하는도다 몸이 궁하여 거슬러 극하니 천지에 인연이 없도다 못이 말라 물이 없으니 마른 고기가 도끼를 만난 격이라,3효   2298,樂山樂冰 僅僅資生 萬物袞塞 老婦求夫 龍變爲狗 雲登半天,산을 즐거워하고 물을 즐거워하며 근근히 살으리라 만물이 쇄색하니 노부가 남편을 구하는 격이라 용이 변하여 개가 되니 구름이 반 하늘에 올랐도다,4효   8075,西山日暮 洞庭雁落 其欲必多 以羊易牛 風打危舟 月落高山,서산에 날이 저무니 동정에 기러기가 멸어졌도다 그 욕심이 많아서 염소로 소를 바꾸리라 바람이 위태로운 배를 치니 달이 높은 산에 떨어졌도다,5효   9996,如知造化 成價百倍 三龍戯水 弄財之象 雲影己成 待時行天,만일 조화를 알면 성가가 백배 나리라 세 용이 희롱하니 농재지상이다 구름의 그림자가 일어나매 때를 기다려 하늘에 행하리라,6효   1917,二水相比 必漦人澤 喜神隨後 乃得貴祿 北雁和鳴 分家之像,두 물이 서로 견주니 반드시 남의 덕택을 입으리라 회신이 뒤를 따르니 반드시 귀한 녹을 얻으리라 북방 기러기가 화하여 울으니 분가할 상이다
17 天山遯,1효   3833,遯逐林間 事多聰明 與人同心 家事昌喜 何求富貴 天山逸民,수풀 사이롤 쫓아가매 일이 총명함이 많도다 사람으로 더불어 마음을 같이 하매 가사가 창하리라 어찌 부귀를 구하리오 산중에서 처사로다,2효   4026,秋鼠失路 觸處多危 以火投金 損財之像 往秦往事 寶物盡散,가을 쥐가 길을 잃으매 곳곳마다 위태함이 많도다 불에 쇠를 던지니 손재할 수요 진나라를 가매 보물이 다 홀어지도다,3효   4219,家平身旺 金物有用 彭澤梅閣 可觀文昌 玉苞盈盈 金槀煌煌,집이 편안하고 몸이 왕성하니 금물을 씀이 있으리라 신선 누각에 문창함을 가히 보겠도다 명명하고 금고가 황황하리라,4효   8076,小里秋草 鳳化爲鷄 寡婦靑山 散金一笑 力士神榷 誤中副車,조그마한 가을 집에 봉이 변하여 닭이 되었도다 과부가 청산에 돈을 헐리고 한번 웃음이로다 역사가 신기하므로 그릇된 수레를 마추었도다,5효   9997,商山四皓 一人何蹄 見火即發 游金在東 頭載黃金 三處省論,상산 네 늙은이의 한 사람은 어디로 돌아갔는고 불을 보고 곧 발하매 유금이 동에 있도다 머리에 황금을 이었으니 삼처에서 공론이 있으리라,6효   1918,秋賺始擊 興人揚氣 渡水逢人 得金西廂 楚老送人 損而有益,가율에 매를 처음 치기 시작하며 사람과 더불어 기운이 나게 함이요 물을 건느매 사람을 만나고 금을 서상에서 얻은 격이오 초면 교제가 해되는 것 같으나 도리어 유익함이 있다
18 天地比,1효   4770,身逢厄合 家兒先逝 李廣藍田 勞面無功 浮槎八月 横厄水邑,몸이 맥운을 만나고 집 애가 먼저 죽더라 이광람전에 수고를 하여도 공이 없으리라 돛대를 띠우매 횡액이 물에 있으리라,2효   4951,兩人相論 一害一得 大海龍塞 力財還費 北人同心 生財非難,두 사람이 서로 의론하매 한번 해롭고 한번 이로우리라 우 바다를 막으때 화골만 허비하도다 북쪽 사람과 마음율 같이 하면 재물을 얻기가 쉬우리라,3효   5132,小財雖助 早晚無功 子孫之事 日夜心亂 白霉無心 高山有論,약간의 재물이 생기나 벌로 공이 없도다 자손의 일로 항상 심란하라라 무심 한 구름이 높은 산을 의론하는 격이다*,4효   7573,醮得深津 家宅比和 活星照身 往東有吉 遲遲乃得 可觀前程,용이 깊은 물을 얻은 격이니 집안이 화락하리라 활신성이 몸에 비치니 동으로 가면 길하리라 더디고 더디게 앞길을 가히 보리라,5효   9374,早轚金谷 晚踐玉堂 堂上有喜 月滿東山 恐室有憂 琴瑟不和,처음에는 금곡을 파다가 늦게 옥당을 밟으리라 당상에 기쁜 일이 있으니 달이 동산에 밝은 격이요 집에 근심이 있으니 내외간 볼화하도다,6효   1175,華容古道 曹瞞身世 東求西求 事亊不成 家敗財敗 齊人笑煩,화용고도에 조만외 신세로다 동서로 분주히 구하되 일이 되지 아니 하라라 집과 재산을 다 파하니 초면객도 번거럼을 웃으리라
21 澤天夬,1효   2452,春風花柳 風流男子 自下生身 膝下之喜 潜龍出海 得雲弄珠,춘풍화류에 풍류남아로다 아래로부터 몸을 생하니 슬하에 기쁨이 있도다 잠룡이 바다에 나가 구름을 얻어 구슬을 희롱하리라,2효   2657,雙月照我 喜在他鄕 十年古場 一馬得功 兵門月素 偶得其成,쌍월이 내게 비추니 기쁨이 타향에 있으리라 십년 고장에 한 말이 공을 얻으리라 병문에 달이 밝으니 우연히 그 공을 얻으리라,3효   2862,成敗多端 喜處憂生 鴻雁齊飛 發矢不中 一泄一克 費力無功,성패가 다단하니 기쁜곳에 근심이 생하리라 홍안이 날으매 화살을 발하여 맞추지 못하였도다 일설 일극하니 힘은 허비하되 공은 없으리라,4효   8779,以女得財 老桃成林 平生所恨 日夜叩齒 財產如雲 十分有得,여자로 재물을 얻으니 늙은 도화가 성림하였도다 평생에 한하는 바는 일야 고치 함이로다 재산이 구름 같아야 십분의 얻음이 있으리라,5효   0820,運否上下 財物盡失 萬事歸虛 家無宣科 四壁突立 哭于靑山,운수가 상하에 비색하여 재물을 다 잃었도다 만사가 귀허하여 집에 조그마한 벼슬도 없도다 사벽이 돌입하니 청산에 울리라,6효   2861,平生所業 掘地得金 萬里行金 管飽之誼 意在相生 事業無斷,평생의 업은 땅을 파서 금을 얻으리라 만리에 금을 행하니 관숙과 포숙의 의로다 뜻이 상생하는데 있으니 사업이 끊어짐이 없으리라
22 重澤兌,1효   4229,佳人一歸 淚沽春宮 散金得寶 漢舌楚口 白虎嘯風 一場成功,가인이 한 번 돌아가매 눈물이 춘궁에 젖는도다 금을 흩치고 보배를 얻으니 한나라의 혀요 초나라의 입이라 백호가 바람을 내니 한 마당에 공을 이루리라,2효   4422,不孝何事 家變在下 但知好貨 貧財不及 以財損己 自罪不知,불효는 무슨 일인고 가변이 아래에 있으리라 다만 돈 좋아하여 재물을 탐 하나 미치지 못하리라 재물로서 몸을 손상하되 스스로 죄를 알지 못하리라,3효   4615,每聽口舌 門戶不吉 深澤潜龍 未得其珠 二人結寃 入獄何事,구설을 들음에 문호가 불길하리라 깊은 못에 잠긴 용이 그 구슬을 얻지 못 하였도다 두 사람이 원통함을 맺어 옥에 들어감은 무슨 일인고,4효   8264,手持周易 弄花金庭 福德助身 可蒙天恩 水滿恩澤 得財如意,손에 주역을 가지고 꽃을 금정에 희롱하리라복덕이 몸을 도우니 가히 천은을 입으리라 물이 은택에 가득하니 재물 얻음이 뜻과 같으리라,5효   0185,楚澤雲囚 失母孤雁 每憂堂上 夢多虛驚 水物合心 北路得財,초나라 못에 구름이 갇혔으니 어미 잃은 외로운 기러기가 매양 당상을 근심하매 꿈에 많이 놀라리라 물과 물건이 합심하니 북방 길에 재물을 얻으리라,6효   2106,有秋無吉 知死無地 萬事歸虛 輕踏虎尾 扉門落日 有家無主,가을을 당하되 길함이 없고 죽을 것을 알되 땅이 없도다 만사가 귀허하니 범의 꼬리를 밟은 격이라 사립문 닫은 저문 날에 집은 있어도 주인이 없도다
23 澤火革,1효   6150,千金一身 老去無子 以下克上 不吉之兆 花根欲移 損財可期,천금 일신이 늙어 자식이 없도다 아래가 위를 이기니 불길하리라 꽃 뿌리를 옮기고자 하니 손재하리라,2효   6343,頻往其東 事不如意 雖得如意 非義之物 五祿失志 財在其本,자주 동방에 가매 일이 제대로 되지 않고 비록 뜻과 같지 않으나 의롭지 못 한 물건이오 다섯 녹이 뜻을 잃었으니 재물은 근본이 있다,3효   6536,之南之北 天神其助 其數旺方 吉事有機 水星木照 門戸自安,지남지북의 천신이 도우리라 ユ 수가 왕성하니 좋은 일은 기미가 있도다 수성이 나무에 비치니 집안이 편안하도다,4효   8265,如無堂憂 事在古墓 能濟未濟 心多猶豫 鳳巢被棘 鷄失其巢,만약 부모의 근심이 없으면 일이 옛 묘에 있으리라 능히 건질 수 있으나 건지지 못하니 마음에 유예함이 많도다 봉의 집이 가시에 얽히고 닭이 집을 잃은 격이오,5효   0186,來失去失 骨肉之害 事必無拫 古木花殘 雖得其益 兩人分利,와도 잃고 가도 잃으니 골육에 해로다 일이 반드시 근거가 없는데 고목에 꽃이 쇠잔한 격이라 비록 이익은 얻으나 두 사람이 나눈다,6효   2107,心中不平 四方無主 秋水動關 悲歌一曲 四方無助 堪獨渡水,심중에 불편함이 있으니 주장이 없고 가을의 물이 관을 동하니 슬픈 노래 한 곡조로다 사방에 도움이 없으니 홀로 물을 건너는 격이라
24 澤雷隨,1효   7567,隨人發花 名滿四方 渡口心亂 雁憂南天 雖得其金 輕帆浮沈,사람을 따라 꽃이 피니 이름이 사방에 가득하리라 어구를 건넘에 심란하니 기러기가 남천을 근심하는 격이라 비록 금은 얻으나 가벼운 돛대가 물에 잠기었도다,2효   7748,隱有身病 離南何惜 兩國關心 一喜一悲 外人奪金 寶玉落水,은근히 신병이 있어 남방을 떠남에 무엇을 아끼리요 두 나라가 마음에 관계되니 한편 기쁘고 한편 슬프리라 외인이 금을 뺏으니 보배가 물에 떨어지도다,3효   7929,南樓罷兵 講讀兵書 火入金倉 廉價之五 求謀必得 買賣田土,남루에 군사를 파하고 병서를 읽도다 불이 금고에 들어가매 청렴한 가치가 오리라 꾀를 구하여 얻으매 전토를 매매하리라,4효   7750,何恨損財 可念無子 買寶東西 田庄有光 不必妄動 得財反損,어찌 재물을 한하리오 아들 없는 것이 염려로다 동서에 매매한 것이 전장에 빛나리라 망동치 말라 얻은 재물을 도리어 잃으리라,5효   9551,小人得財 君子得祿 一眼難明 楚越相對 推穀恩堂 百里雷聲,소인이 재물을 얻고 대인은 관록을 얻으리라 한 눈이 밝기 어려우니 초월을 상대하도다 수레 바퀴를 은당에 비치니 백리에 뇌성이로다,6효   1352,綿綿縳福 可期平生 其利何從 來釗之任 草閣多金 子孫獻慶,면면한 수복이 평생을 기약하리라그 이익이 어디 좇는고 농사에 책임이라 초각에 금이 많으니 자손이 경사를 드리리라
25 澤風大過,1효   9992,天地交泰 初月如生 淑金逢火 乃得成器 南風忽起 香滿蘭庭,천지가 교태하니 초생달이 온 것 같도다 금이 불을 만났으니 그릇을 이루리라 남풍이 홀연히 일어나니 향기가 난초에 가득하도다,2효   0185,家宅運空 上憂難免 婚姻之事 錦衣夜歸 可坐葛席 必受恩澤,가택 운수가 비니 위의 근심을 면하기 어렵도다 혼인 일에 비단옷으로 밤에 돌아오는 격이라 가히 칡 자리에 앉아서 반드시 혜택을 받으리라,3효   0378,骨肉無恩 獨作家風 柱樑自明 吉事兩處 泛舟波頭 徘徊再三,골육에 은혜가 없어 홀로 가풍을 지으리라 기둥과 대들보에 달이 밝으니 길한 일이 두 곳이라 배를 물결에 띠우고 두세번 배회하는 격이라,4효   8267,有事遲遠 一身勞勞 春花欲落 名有其時 自作難活 其罪如何,일이 있어도 더디고 멀며 한 몸이 수고로우리라 봄 꽃이 떨어지고자 함에 그 때가 있다고 이름하는지라 스스로 진 죄로 살기 어려우니 그 죄를 어찌할고,5효   0188,離鄕失土 彼人之害 一事支離 心緒兩頭 一人兩心 兩事一頭,고향을 떠나 땅을 잃으니 저 사람의 해로다 한 가지 일이 지리함에 심서가 두 끝이라 한 사람이 두 마음이요 두 일이 한 머리더라,6효   2109,荊築括錤 魯國風波 其人自械 必死誰家 虎入新林 無非凶兆,형축이 칼을 안으니 노국이 풍파났도다 그 사람이 기계로 반드시 뉘 집에 죽으리라 범이 수풀에 들어감에 흉함이 없으리라
26 澤水困,1효   1169,絕處逢生 寒谷春回 千里洛城 楚月更圓 以下生上 膝下貴祿,끊어진 곳에 생함을 만나고 찬 골짜기에 봄이 돌아왔도다 천리 낙성에 초나라 달이 다시 둥글도다 아래가 위를 생하니 슬하에 귀한 녹이 있으리라,2효   1350,長草逢鉞 身世不吉 遠程得病 蹇足不行 東方之事 田土有損,풀이 도끼를 만나니 신세가 불길하리라 먼 길에 병을 얻어 저는 말이 행치 못하는도다 동방의 일로 전토에 손재하리라,3효   1531,進退之間 多得外財 財祿雖好 六親不睦 但知好貨 骨肉相爭,진퇴지간에 외재를 많이 얻으리라 재록이 비록 좋으나 육친은 불목하리라 다만 재물만 좋아하여 골육이 서로 다투리라,4효   7752,擅名子曲 必顯狙宗 父母恩德 千里揚名 家宅來生 喜事到門,이름을 자곡에 천단하니 반드시 조상을 나타내리라 부모의 은덕으로 천리에 이름을 날리리라 가택이 생하니 기쁜 일이 문에 이르리라,5효   9553,門神納灾 膝下之厄 蹇馬不行 百戦百敗 外意難合 得少損多,문신이 재앙을 들이니 슬하에 액이 있으리라 저는 말이 행치 아니하니 백번 싸워 백번 패하리라 외의를 합하기 어려워서 얻음은 적고 손재는 많으리라,6효   1354,灾厄臨身 有子若無 出世無食 徘徊四方 虎出山林 憂其父母,재액이 몸에 임하니 아들이 있어도 없는 것 같도다 세상에 나가도 먹을 것이 없어서 사방을 배회하리라 범이 산에 나간 격이니 그 부모를 근심하리라
27 澤山咸,1효   2970,霜前花光 望後月色 兩火燒金 其勢不久 長安古道 含淚看花,서리 전 꽃빛이오 보름 후 달빛이라 두 불이 금을 녹이니 그 형세 오래지 아니하리라 장안 고도에 눈물을 머금고 꽃을 보리라,2효   3151,家憂層生 失身紛紛 武陵紅姚 手弄二枝 誤人花逕 損財非輕,가우가 층생하니 몸이 분분하리라 무릉홍도를 손으로 두 가지를 희롱하리라 사람을 꽃 길에 그릇하니 손재가 적지 아니하리라,3효   3332,天顔有喜 近臣何知 非戰不合 德似顔淵 才能過人 喜閣揚名,천안이 기쁨이 있으니 근신을 어찌 아리요 싸움이 합하지 아니함이 없으니 덕이 안연 같도다 재주가 사람을 지나서 희각에 이름을 날리리라,4효   7753,桂花欲圓 東人來助 平生所資 得失相半 子孫之事 身世何困,계화가 둥글고자 하니 동인이 와서 도우리라 평생의 자뢰하는 바는 득실이 상반하리라 자손의 일로 신세가 어찌 그렇게 곤란한고,5효   9554,燕歌趙舞 高閣風流 活星照分 窓氣男子 土能生金 一得一散,연나라 노래와 조나라 춤이 고각 풍류로다 활성이 몸에 비치니 의기 남자로다 땅이 능히 금을 생하니 한번 얻고 한번 흩어지리라,6효   1355,家道不漸 兄弟不陸 水木克土 事在遲綏 家故何也 妻痛兒痛,가도가 불점하고 형제가 불목하리라 수목이 토를 극하니 일이 지완하리라 가고는 어떤 일로 아내와 아이가 통곡하는고
28 澤地苹,1효   3787,爲受山蔭 顯祖揚名 獻策高堂 佳氣葱葱 身登甲榜 手執兵文,산음을 받아 조상을 나타내고 이름을 날리리라 꾀를 고당에 드리매 가기가 총총하리라 몸이 갑방에 오르니 손에 병문을 잡으리라,2효   3956,有財有文 未斗何遲 天椎未全 靑雲半落 財宮克物 钗林成家,재물이 있고 글이 있는데 벼말은 어찌 더딘고 천퇴가 완전치 못하니 청운이 반락하였도다 재궁이 물건을 극하니 산을 팔아 성가하리라,3효   4125,楚水何渡 不平在上 結網何用 山澤無魚 其財不足 未登靑雲,초수를 어찌 건널고 불평함이 위에 있도다 그물을 맺어 어디에 쓸고 산택에 고기가 없도다 그 재물이 부족하여 청운에 오르지 못하리라,4효   7238,魚變成龍 一戰科場 身登龍門 得意洋洋 聲聞一國 仰受天恩,고기가 변하여 용이 되니 한번 과장에 싸우리라 몸이 용문에 오르매 뜻이 양양하리라 소리가 일국에 들리매 천은을 받으리라,5효   8919,每蒙國恩 子孝婦烈 玉帶其身 名高甲榜 祿上加祿 手弄千金,매양 국은을 입으니 아들이 효도하고 며느리가 열행하리라 옥대 그 몸의 이름이 갑방에 높으리라 녹 위에 녹을 더하니 손에 천금을 희롱하리라,6효   0600,白楊空山 鳴呼其身 孤翁守宅 宅空人空 財星雖照 香火誰傳,백양 공산에 슬픈 그 몸이로다 외로운 늙은이가 집을 지키니 집도 비고 사람도 비었도다 재성이 비록 비치나 향화를 뉘게 전할고
31 火天大有,1효   2453,雷行大成 羣聞四海 木旺之年 天賊可畏 爭土何事 外有凶變,우뢰 소리가 남의 사해에 들리도다 목왕지년에 천적이 가외라 정토를 다툼은 무슨 일인고 바깥으로 흉변이 있으리라,2효   2658,手招外財 加官加祿 子孫之事 夫婦相別 自下克上 凌上逢敗,손으로 바깥 재물을 불러 벼슬을 더하고 녹을 더하리라 자식의 일로 부부 상별하며 아랫사람이 위를 이기니 패를 만나리라,3효   2863,意能生財 東西奔走 衆子之數 一身勞苦 海底雖深 晚年得意,마음에 생재코자 하여 동서에 분주하도다 아들 둘 수에 일신이 노고하도다 해저가 비록 깊어 고생하나 말년에 뜻을 얻으리라,4효   8984,花爛春城 葉落秋山 長安乾坤 夢遊仙山 一身艱處 一乾西城,꽃이 봄에 난만하고 잎새가 가을산에 떨어진 격이오 장안천지 꿈에 신선과 놀드라 일신 어려운 곳은 한창 끝서 역성이로다,5효   1025,利潤畊畝 日夜勞心 基逢凶星 雁影分落 馬驚求離 落水何故,이윤이 발을 갈매 밤낮으로 노심하는 격이라 기지가 흉성을 맞아 형제에 이롭지 못하리라 말이 놀래어 떠나기를 구하는 격인데 낙수는 무슨 일인고,6효   3066,金短麗水 月落空山 仙下人間 雲時天地 賈生從訣 千里長沙,금이 여수에 없고 달이 공산에 떨어졌도다 신선아래 인간이 구름 천지로다 가생이 종결하니 천리가 장사로다
32 火澤睽,1효   4230,非僧非俗 平生一誤 明珠沉海 龍失其珠 家宅來吏 凶變漸大,중도 아니요 속인도 아니니 평생을 한번 그릇 하였도다 명주가 바다에 잠기니 용이 그 구슬을 잃었도다 가택이 와서 극하나 흉함이 점점 크도다,2효   4423,千里有光 得玉之像 上下有樂 百里名聲 揚洲日白 腰下黃金,천리에 광채가 있으니 옥을 얻는 상이라 상하낙이 있어 백리에 이름이 나리라 양주에 날이 밝았으니 요하에 황금이로다,3효   4616,奔走東西 何其事多 雖云正心 赤手若何 平生所過 勤勞自生,동서에 분주하니 어찌 ユ 일이 많은고 비록 마음은 바르나 빈손으로 어찌 할고 평생 지내는 바는 근로하여 살리라,4효   8457,一喜一悲 孤疑何多 佳期在夜 東月有光 南山月高 乃得其吉,한번 기쁘고 한번 슬프니 의심이 어찌 그리 많은고 아름다운 기약이 밤에 있는데 달이 빛나도다 남산에 달이 높으면 길함을 얻으리라,5효   0378,綠木求魚 一不如意 心雖煩勞 狼貝不少 事無頭緒 因人見敗,산에 가서 고기를 구함에 얻지 못하고 마음은 비록 바쁘나 수고는 많고 낭패가 많으리라 일에 두서가 없어서 패를 보리라,6효   2299,君子必利 可望靑雲 流川必動 人心和合 門納好信 意外吉事,군자가 반드시 이로우니 가히 벼슬 바라리라 흐르는 내가 동함에 인심이 화합하리라 문에 좋은 소식이 들어오니 뜻밖에 반가운 일이로다
33 重火離,1효   6151,北窓淸琴 音不和睦 花樹變形 事多耗散 不封諸쑈 韓信歸漢,북창에 거문고 소리가 화목치 못하도다 꽃과 나무가 변함에 일이 많이 흩어 지리라 제후를 봉하지 아니하니 한신이 한나라에 돌아가는 격이라,2효   6344,有事西畴 樂琴淸憂 金人誰也 欲奪五功 泛舟丹江 曹瞞敗地,일이 서주에 있으니 거문고가 청애하도다 금인이 누구인고 공을 뺏고자 하리라 배를 단강에 띠우니 조만의 패한 땅이라,3효   6537,馬嘶仰仰 難遇伯樂 長男無姻 損土之數 生少克多 一得一散,말의 울음이 앙앙하니 백락천을 만나기 어렵도다 장남이 혼인이 없고 손토할 수로다 생함은 적고 극함은 많으니 한번 얻으면 한번 흩어지리라,4효   8458,經亂立身 大明出東 玉物無利 四壁突立 莫宿陳家 危樑可畏,난리를 지내고 몸을 세우니 대명 천지에 동방으로 나가리라 옥이라도 이로움이 없으니 네 벽이 돌연히 섰도다 진가집에 자지 말라 위태한 대들보가 염려드라,5효   0379,樑柱逢空 黃果己落 前溪風雨 馬蹄應穿 如兄如弟 管叔飽叔,기둥과 대들보가 비었으니 익은 과실이 이미 떨어졌도다 시내의 바람과 비에 말굽이 뚫렸도다 형 같고 아우 같으니 관숙과 포숙이 같도다,6효   2300,鬼兵相侵 殃及孫裔 東顧西顧 一物難成 烈士門前 空閣無人,귀신과 병기가 서로 침입하니 앙화가 자손에게 미치리라 동서로 돌아보아도 하나도 이로움이 없고 열사의 문전의 빈집에 사람이 없도다
34 火雷噬嗑,1효   7568,黄甲脫床 人多欽仰 進步不退 百事皆宜 憂心何事 田土是非,갑이 상을 벗으니 사람들이 우러러보리라 나아가고 물러가지 아니함이 백사가 마땅하리라 근심은 무슨 일인고 전토에 시비로다,2효   7749,火照澤上 鬼泣多憂 文書可愼 田土紛鬧 龍得其珠 必成大意,불이 못 위를 비치니 귀신이 울매 근심이 많으리라 문서를 가히 삼가하라 전토로 분쟁하리라 용이 구슬을 얻었으니 반드시 큰 뜻을 이루리라*,3효   7930,好事多魔 白楊何克 傍人猜忌 暗中失財 扶桑日紅 先凶後吉,좋은 일은 마가 많으니 백양을 어찌 이기리오 방인의 시기로 은근히 재물을 잃으리라 부상에 날이 붉으니 먼저는 흉하고 뒤에는 길하리라,4효   7931,東西之場 一喜一悲 東西之場 劍危可畏 等閑之事 偶然得來,동서지간에 한번 기쁘면 한번 슬프고 칼날이 가히 두렵도다 등한한 일을 우연히 얻으리라,5효   9732,一身顚倒 枕上憂難 灾生水火 憂故亦侵 家法難調 人倫失敎,한 몸이 넘어지면 침상에 근심이로다 재앙이 물과 불에 있으니 근심이 또 침노하도다 가법이 고르지 못하여 사람의 가르침을 잃었도다,6효   1533,滅家何由 失志孤鴻 暗奪人財 東方有論 暗謀非奇 乃成其憂,집이 멸함은 부슨 까닭인고 뜻을 잃은 외로운 기러기더라 가만히 남의 재물을 뺏으면 동방에 의론이 있으리라 가만히 꾀함이 기이하지 못하고 이에 근심이 되리라
35 火風鼎,1효   9993,刑厄可畏 家道如沸 月在鶉首 子宮有殺 三足並立 與人爭功,형액이 가히 두려우니 가도가 끓는 것 같으리라 달이 따오기 머리에 있으니 자궁에 살이 있으리라 세 발이 나란히 서니 사람으로 더불어 다투리라,2효   0186,離基損物 養虎遺患 家神逢空 事多歸虛 木旺水旺 晚年得安,터를 떠나 손재하니 범을 길러 근심을 끼쳤도다 가신이 공을 만나니 일이 많이 허하리라 목왕 수왕의 만년에 편하리라,3효   0379,基空無主 營無其頭 月無其光 木無其葉 物財何求 黃金影散,터가 공하여 주인이 없으니 경영함이 두서가 없도다 달이 그 빛이 없고 나무가 그 잎새가 없는 격이라 재물을 어디에 구할고 황금이 그림자가 흩어지리라,4효   8460,靑山哭鵑 膝下之憂 事必紛亂 動門動宅 勞戰庶野 龍血玄黃,청산에 두견이 우니 슬하에 근심이 있으리라 일이 반드시 분란하여 가택이 동하리라 들에서 싸우니 용의 피가 현황하리라,5효   0381,早失萱堂 一身依他 外宮生身 人恩何崇 赤手成家 可保門戶,일찌기 부모를 잃고 몸을 다른 곳에 의지하리라 밖의 궁에 몸이 생하니 사람의 은혜를 어찌 입으랴 적수 성가하여 가히 문호를 보존하리라,6효   2302,旱草不雨 承露寄生 四顧無得 身入空家 遙遙長天 空木獨立,가뭄의 풀에 비가 오지 아니함에 이슬로서 겨우 살았도다 사방을 봐도 얻음 이 없고 몸이 빈 집에 들어간 격이라 요요한 장천에 빈 나무가 홀로 섰도다
36 火水未濟 ,1효   1170,未濟之卦 白楊悲風 怪變層生 欲渡未渡 雨水爲淚 每哭靑山,미제지괘가 백양에 슬픈 바람이로다 괴변이 층생하여 건너고자 하되 건너지 못하리라 비가 눈물이 되어 매양 청산에 울리라,2효   1351,澤變爲地 魚受其殃 四澤欲渴 財帛必損 木神變化 家多怪變,못이 변하여 육지가 되니 고기가 그 재앙을 받으리라 못이 마르고자 하니 손재하리라 목신이 변화하니 집에 괴변이 많으리라,3효   1532,世事遲滯 片蹇其病 卦初淺氣 臨事多退 兼有兩淚 別無喜事,세사가 지체되니 저는 그 병 같도다 괘가 얕은 기운이 있어서 일에 임함에 많이 물러가리라 겸하여 두 눈물이 있으니 별로 기쁨이 없으리라,4효   7933,花不得春 天地朦朦 良馬伏櫪 伯樂未顧 兄弟之事 近於不睦,꽃이 봄을 얻지 못하니 천지가 어둔 격이라 좋은 말이 복역하였으돼 백낙천이 돌아보지 않는도다 형제간이 화목치 못한 곳에 가까우리라,5효   9734,數年値勞 終歲祿享 事事多件 一身難容 子背其父 鳴呼人事,수년을 수고하더니 마침내 녹을 누리는도다 일이 많아서 한 몸을 용납키 어 렵도다 아들이 그 아버지를 배반하니 슬픈 인사로다,6효   1535,風雲之場 蹇馬渡水 財帛盡散 自作之孽 雖有其然 晚年財厄,풍운지제에 저는 말이 물을 건너는 격이라 재물이 다 흩어지니 자작지얼이라 비록 그러함이 있으나 만년에는 재물이 족하리라
37 火山旅,1효   2971,奔走四方 身多虛動 老虎下山 群鳥侵之 在家無日 家道不睦,사방이 분주함에 몸이 많이 허동하도다 늙은 범이 산에서 내려오니 뭇 새가 침노하는 격이라 집에 있을 날이 없으니 가도가 화목치 못함이로다,2효   3152,以道守分 晚年遺勞 自克損志 心煩如沸 蘭庭有喜 晚年得意,도로서 지키다가 만년에 괴로움율 끼치리라 스스로 극하여 뜻을 덜으니 마음이 번거로와 끝난 것 같도다 자식 중에 기쁨이 있어서 만년에 좋으리라,3효   3333,游木启茂 成林之像 窟本堅固 變化難得 劉郞莉ᄉ 先入西關,뭇 나무가 스스로 무성하니 성림할 상이라 뜻이 본래 견고하여 변화하기 어렵도다 유랑이 어떤 사람인고 먼저 서관에 들어왔도다,4효   7934,明月紗窓 事機必成 身入金庫 愼之劍光 東飜西飜 百事無成,명월이 사창에 비치니 일이 반드시 이루어지도다 몸이 금고에 드니 칼의 빛울 삼가하라 동서로 분주하되 백사가 되지 아니하리라,5효   9735,憂在上下 不平可知 偶入武陸 後悔莫及 俗心未盡 江洲回船,근심이 상하에 있으니 불평할 것을 가히 알 것이라 우연히 무릉에 들어감에 후회가 막급이라 풍속 마음이 다하지 못하니 강호에 배를 돌리도다,6효   1536,山耶水耶 利在其中 克多生少 榮事皆遂 倒頭一六 其勢漸困,산이냐 물이냐 이가 그중에 있도다극함은 많고 생함은 적어서 경영하는 일이 다 어기리라 머리가 16수에 거꾸러지니 그 형세가 점점 곤하리라
38 火地晋,1효   3788,秋鼠得庫 春烏弄花 富資東元 得人播名 三人同心 天祿臺存,가을 쥐가 노적을 얻고 봄 새가 꽃을 희롱하는 격이라 부귀동원에 사람을 얻었으니 이름을 날리리라 삼인이 마음을 같이 하매 천록이 풍족하도다,2효   3957,學劍之後 睢水得意 南人納財 金銀滿箱 家道漸昌 有子獻榮,칼을 배운 후에 수수에 뜻을 얻은 격이오 남쪽 사람이 재물을 주어 금은이 상자에 가득하도다 가도가 점점 창성하여 아들이 영화를 드리도다,3효   4126,分財命薄 羣聞于天 身世困難 客地徘徊 七夜白登 英雄無功,재물을 나눔에 명이 적으니 소리가 하늘에 들리리라 신세가 곤란하여 객지에서 배회하리라 칠백등에 영웅이 공이 없도다,4효   7407,病樹多風 濟走東西 古木逢火 一果落地 綠木求魚 無功榮事,병든 나무에 바람이 많으니 동서로 분주하도다 고목이 불을만나매 한과실이 땅에 떨어졌도다 나무에 고기를 구하는 격이니 경영하는 일이 공이 없으리라,5효   9088,吳山楚水 行色忙忙 兄弟之事 是非成門 事無其頭 因人見敗,오나라 산과 초나라 물에 행색이 망망하도다 형제의 일이 시비가 문에 이루었도다 일에 두서가 없으니 사람으로 인하여 패를 보리라,6효   0769,南北圍團 踟躕失意 西山暮雨 春哭堂上 豈能久居 棵神招禍,남북으로 에워싸임에 주저하다가 뜻을 잃었도다 서산 저문 비에 당상을 울리라 어찌 오래 거하리요 대들보 귀신이 화를 부르도다
41 雷天大壯,1효   2310,古閣塵生 膝下添憂 身逢耗星 事事必散 門戶欲絕 香火何傳,고각에 티끌이 생하니 슬하에 근심을 더하리라 몸이 모성을 만났으니 사사가 반드시 흩어지리라 문호가 끊어지고자 하니 향화를 어찌 전하리오,2효   2503,洛城風起 桃花欲落 楚月徘徊 漢水欲咽 身位居空 何望貴祿,낙성에 바람이 일어나니 도화가 떨어지고자 하는도다 초월이 배회하고 한수가 압하고자 하는도다 신위가 공에 거하니 어찌 녹을 바라리오,3효   2696,托身江湖 流水傷心 親戚之害 偶然及我 金山雪滿 嘯堂塵生,몸을 강호에 부탁하매 흐르는 물에 마음이 상하는도다 친척의 해가 우연히 내게 돌아오는도다 금산에 눈이 가득하고 소당에 티끌이 생하는 격이라,4효   8649,名利何遲 金印入手 速步玉堂 卓立高位 二金相生 莫憂平生,명리가 어찌 그렇게 더던고 금인이 손에 들어오리라 속히 옥당에 걸음하면 높은 위에 서리라 두 금이 상생하니 평생에 근심치 말지어다,5효   0570,物空子空 且攀風霜 蒼山夢短 一心悲傷 白晝失物 財散家空,물건이 공하고 아들이 공하였는데 또 풍상을 만났도다 창산에 꿈이 짧으니 한마음이 슬프리라 대낮에 물건을 잃어 재물이 흩어져 집이 비었도다,6효   2491,二人合心 因人成事 二金逢火 必成大器 萬物和生 財物豊足,두 사람이 합심하여 사람으로 인하여 성사하리라 두 금이 불을 만나 반드시 큰 그릇울 이루리라 만물이 화생하니 재물이 풍족하리라
42 雷澤歸妹,1효   3967,自畔恩人 一乞空門 口舌隨後 忍則爲德 自過自改 仁聲遠聞,스스로 은인을 배반하매 한번 빈 문에 구걸하리라 구설이 뒤를 따르니 참은 즉 덕이 되리라 자기의 허물을 스스로 고치면 인성이 들리리라,2효   4148,貪財好色 多致恩厄 先業雖好 外財不美 以金伐木 有憂蘭庭,재물을 탐하고 색을 좋아하여 많이 은액을 이루리라 선업이 비록 좋으나 외재가 좋지 못하리라 금으로 나무를 치니 자궁에 근심이 있으리라,3효   4329,自作之孽 得罪先租 家道不齊 上憂難免 家變在此 功業未成,자작지얼로 죄를 선조에 얻으리라 가도가 좋지 못하여 위 근심을 면하기 어려우리라 가변이 이에 있으니 공업을 이루지 못하리라.,4효   8110,怨結手上 淚沽膝下 二陰兩逢 憂被荊宮 木變爲澤 爲物所傷,원망을 수상에 맺으니 눈물이 술하에 젖으리라 두 음이 서로 만나니 근심이 형궁에 입으리라 나무가 변하여 못이 되니 물건이 상한 바 되리라,5효   9911,善養其親 卿祿入家 神不敢侵 地吉家昌 財物生身 黄金積積,그 부모를 봉양하면 경녹이 집에 들어오리라 귀신이 감히 침노치 못하여 땅이 길하여 집이 창성하리라 재물이 몸에 생하니 황금이 적적하리라,6효   1712,才超世價 布衣之極 雖有其然 親戚不睦 家神亂動 每事不成,재주가 세상에 뛰어나니 포의에 극진하도다 비록 그러함이 있으나 친척이 불목하리라 가신이 난동하여 매사가 되지 아니하리라
43 雷火豊,1효   5768,龍劎出匣 齊家創業 漢人得意 洛宮高宴 未登靑雲 事多事苦,용검이 갑에서 나오매 제나라 업을 일으키도다 한 나라 사람이 뜻을 얻으매 낙양 궁중에 높은 잔치로다 벼슬을 하지 못함에 일이 많고 괴로우리라,2효   5949,帝室之胄 三顧草逋 先難後易 上下相交 月在土旺 佳瑞漸至,제실지주를 세 번 돌아봄에 초여로다 먼저는 어렵고 뒤에는 쉬우니 상하가 서로 바뀌리라 달이 토왕에 있으니 상서가 점점 이르리라,3효   6130,天祿滿手 身後可惜 燈火落影 獨坐黃昏 英雄幷起 己失秦鹿,천록이 몸에 가득하나 신후가 가히 아깝도다 등불이 떨어짐에 혼자서 황혼한데 앉았도다 영웅이 일어남에 진나라가 사슴을 잃은 격이라,4효   8111,財祿豊盈 可走蟾宮 杖劎入蜀 沛公善遇 若無此慶 離鄕之嘆,재물이 풍영하니 가히 섬궁을 걷도다 칼을 짚고 촉나라에 들어가니 대공이 잘 대접하도다 만약 경사가 없으면 고향을 떠나리라,5효   9912,臥龍先生 早畊南陽 蛇變爲龍 前程五彩 靑鷲報信 財祿豊豊,와통선생이 남양에 처음 밭 가는 격이옹 뱀이 변하여 용이 되니 앞길이 좋으리라 청조가 좋은 소식을 전하니 재록이 풍족하도다,6효   1713,笑中藏刀 別淚沾裳 風至花殘 悲歌夕陽 若非自薦 奇才誰知,웃는 가운데 칼을 감추니 이별하는 눈물이 옷에 젖으리라 바람이 이르자 꽃이 멸어지니 슬픈 노래 석양이라 만일 스스로 천거하지 아니하면 기이한 재주를 누가 알리오
44 重雷震,1효   7065,散財有數 事必無形 田土之事 是非東西 家神大驚 埋兒靑山,재산이 흩어질 수니 일이 반드시 흔적이 없으리라 전토의 일로 동서에 시비가 있으리라 가신이 놀래서 아이를 청산에 묻으리라,2효   7234,三去遺恨 有名無實 并熱之書 婚媒横財 路中之厄 刀刄如神,세번 한을 끼치매 이름은 있어도 실상은 없도다 아울러 잡은 글로 혼매에 횡재 하리라 길 가운데 액이 있오니 칼날이 귀신 같도다,3효   7403,一門不睦 不足盡言 雪錤入手 身病可畏 東西奔走 無家之客,가문이 화목치 못하니 족하다 말하지 못하리라 칼이 손에 들어온 격이니 신병 이 가히 염려라 동서에 분주하니 집 없는 손이로다,4효   7572,老龍漸光 名利晩成 身運漸通 萬物始生 仕座埋玉 以文得物,노룡이 점점 광채가 나니 이름을 늦게 이루리라 신운이 점점 통태하니 만물이 비로소 생기리라 자리에 옥을 묻었으니 글로서 물건을 얻으리라,5효    9253,老蛇擧頭 財帛何至 偶然東人 中道害我 山月欲缺 靑樓損財,늙은 뱀이 머리를 드니 재물을 어찌 이루리오 우연히 동쪽 사람이 중도에 나를 해하리라 달이 이지러지고자 하니 청루에 손재하리라,6효   0934,福基損財 前程奈何 田宅逢空 一身難容 塚墓哭歟 父母哭卒.,복 땅에 손재하니 앞길을 어찌 하리오 전택이 공함을 만났으니 일신이 용납하기 어렵도다 무덤의 울음이냐 부모의 울음이냐 불쌍하도다
45 雷風恒,1효   9370,有財無孫 家庭寂寞 紅花沉雨 女庭有憂 風霜相博 有驚無形,재물은 있어도 자손이 없으니 가정이 적막하도다꽃이 물에 잠기니 딸에게 근심이 있으리라바람과 서리가 서로 치니 놀래어 형용이 없도다,2효   9551,風得其雛 飛入雲天 春花己發 秋實欲圓 莫歎遲遲 晚境得意,봉이 새끼를 얻어 하늘을 날으는 격이라봄 꽃이 이미 핌에 가을열매가 둥글도다 더딤으로 한탄 말라 늦게 뜻을 얻으리라,3효   9732,何念苦勞 物光隆隆 憂心消消 濟江無楫 事多不成 上下不及,어찌 괴로움을 생각하리오 빛이 높으니 근심이 초조하고 강을 건넘에 노없는 배요 일은 많고 되지 않으니 상과 하에 미치지 못하리라,4효   8113,求謀不得 好戰無功 其心大拙 得財易失 水滿舟腹 離別之數,꾀를 구하다가 얻지 못하고 싸움을 좋아하다가 공이 없도다 마음이 크게 졸하여 재물을 얻어도 잃기 쉽고 물이 배에 가득하니 이별할 수라,5효   9914,身進麟閣 別有榮光 財帛豊足 生計有通 四境豪興 名振玉堂,몸이 영각에 나아가니 특별한 영광이 있도다 재물이 풍족하니 생계가 통하리라 사방에 호걸이 일어나니 이름이 옥당에 떨치리라,6효   1715,驟雨東至 凶事可知 殘花落地 名利不好 靑雲不苦 無得有失,소나기가 동으로 오니 흉한 일을 가히 알리라 쇠잔한 꽃이 땅에 떨어지니 이름이 좋지 못하리라 청운을 괴로워하지 않으니 얻은 것은 없고 잃은 것만 있으리라
46 雷水解,1효   0427,五龍頭前 金蟾退走 華堂客散 口說必多 家神居空 吉變爲凶,오룡의 머리 앞에 금두꺼비가 물러가도다 화당에 손님이 흩어지니 구설이 많으리라 가신이 공에 거하니 길한 것이 변하여 흉함이 되리라,2효   0596,若非動身 身上不祥 若無堂憂 可動先墓 珠玉沸水 小得横財,만약 몸을 동하지 아니하면 신상이 좋지 못하리라만약 부모의 근심이 없으면 선묘가 동하리라주옥이 물에 끓으니 적은 횡재를 하리라,3효   0765,以馬換牛 三煩勞心 賤人入門 持寶無實 兩三勞力 欲休未休,말로서 소를 바꾸니 마음만 수고하리라천한 사람이 문에 들어오니 보배를 가졌어도 실속이 없고 두세번 수고하여 쉬고자 한데 쉬지 못하니라,4효   7574,天地相生 非貴則富 文券以動 買賣田宅 若非大貴 奔走四方,천지가 상합하니 귀하지 아니하면 부하리라문권이 동하니 전택을 매매하리라만일 크게 귀하지 아니하면 사방에서 분주하리라,5효   9255,莫遊東方 金火相爭 輻錄洪裕 初困後吉 吉積年横 起自田庄,동방에 가지 말라 금화가 서로 다투리라복록이 크니 처음은 곤고한데 뒤에는 길하리라선을 쌓면 횡재하여 전장을 스스로 일으키리라,6효   0936,擇山擇水 運非於斯 客入空樓 玉堂深憂 靑山遠路 經營可得,산을 찾고 물을 가리대 운수가 그릇도다손이 빈 누각에 드니 옥당에 근심이 많도다청산 먼 길에서 경영하면 가히 얻음이 많다
47 雷山小過,1효   2108,累次遷墓 必成其禍 經營四方 人無合意 家變難言 小男何泣,누차 묘를 옮기어 반드시 그 화를 얻으리라 사방에 경영하매 합의하는 사람이 없도다 가변은 말하기 어려운데 소남은 어찌 우는고,2효   2277,到處是非 保難之事 與誰爭之 累見血光 一子哀哀 恸火及身,도처의 시비를 보전하기 어려운 일이로다 누구와 더불어 다투매 여러번 핏기를 보리라 일자가 애애하매 겁화가 몸에 미치리라,3효   2446,出入無拘 平生好運 微金連火 必成鍊器 洛橋月明 可蒙天恩,출입에 거리낌이 없으니 평생에 좋은 운수라 조그마한 금이 화에 연하매 반드시 그릇을 이루리라 낙교에 달이 밝으니 가히 천은을 입으리라,4효   7575,田宅之事 種種有損 土火竝起 一身難處 泄氣二處 一得一失,전택 사이에 종종 손재하리라 토화가 병기하니 한 몸을 처하기 어려우리라 설기 두곳에 한번 얻고 한번 잃으리라,5효   9256,行於世間 藝術資生 善養父母 爲受先業 外財何得 得處還失,세간에 향하매 예술로 자생하리라 부모를 잘 봉양하여 선업을 받으리라 바깥 재물을 어찌 얻을고 얻는 곳에 도리어 잃으리라,6효   0937,家神逢空 事事耗散 門神不定 家產壞敗 埋兒三年 身苦眼病,가신이 공을 만났으니 사사가 모산되리라 문신이 정하지 못하니 가산이 패하리라 아이 묻기를 삼년을 하니 몸이 괴롭고 눈에 병이 들리라
48 雷地豫,1효   2805,月下春身 夢騖靑山 木鳴空樓 身病可畏 铤殺在宅 八人可畏,달 아래 춘신이 꿈의 청산에 놀래도다 목신이 빈 누각에서 우니 신병이 두렵도다 겁살이 집에 있으니 팔인이 가히 두렵도다,2효   2962,喜對天顔 家道中興 舞智容人 科場有名 天馬南鳴 高名可得,기쁘게 천안을 대하니 집안이 흥하리라춤으로 사람을 용납하니 과거에 이름이 있으리라 용마가 남쪽에서 우니 고명올 가히 얻으리라,3효   3119,子孫和睦 家道豊足 銀河形圓 田宅有益 以下逆上 有子獻榮,자손이 화목하니 가도가 풍족하리라 은하수가 둥그니 전택에 유익함이 있으리라 아래가 위를 거스리니 아들이 영화를 얻으리라,4효   7036,不願富貴 何事垂淚 日月促人 淚沽高山 幸免其凶 晚有子埂,부귀를 원하지 아니 하는데 무슨 일로 눈물을 훌리는고 일월이 사람을 재촉하니 눈물이 산에 젖으리라그 흉함을 면하면 늦게야 아들의 경사가 있으리라,5효   8597,南人送辭 身在是非 神變爲土 田土有光 外人莫敵 弄爲如水,남방 사람이 송사하니 몸은 시비하는데 있도다 귀신이 변하여 흙이 되니 전토에 빛이 있으리라외인을 대적치 말라 희롱하기를 물같이 하리라,6효   0158,有財無物 上下多情 家安身動 一身困厄 日月無光 天地變形,재물이 있어도 물건이 없으니 상하의 정이 많도다집은 평안하되 몸이 동하니 곤하리라 일월이 광채가 없어서 천지가 변하리라
51 風天小畜,1효   2455,喜事在家 田土有光 家道見良 安定形像 南銅自鳴 樓閣一笑,기쁜 일이 집에 있으니 전토에 영광이 있으리라 가도가 어져서 편안한 형편이라 남동이 스스로 울리니 누각이 한 번 웃으리라,2효   2660,身在水山 蘭爲地大 論議之場 經營合口 横厄可畏 坊意如城,몸이 물과 산에 있으니 난초가 땅을 위하여 크드라 이론하는 마당에 경영함이 입에 있도다 횡액이 가히 두려우니 막을 뜻을 성같이 하라,3효   2865,陰衰陽長 夫婦側目 輕車脫幅 以致內怪 存心修正 可免衰厄,음이 쇠하고 양이 기니 부부간이 눈을 흘겨보리라 수레가 바퀴를 벗어나서 괴이함을 이루리라 마음 두고 수정하면 횡액을 면하리라,4효   9394,遊物爭春 進退之像 上下不和 勞而無功 三人合心 欲奪人物,물건에 놀매 봄을 다투니 진퇴지상이라 상하가 불화하니 수고해도 공이 없고 세 사람이 합심하니 남의 물건을 뺏음이라,5효   1435,二人同居 意不相合 石中蘊玉 意能琢之 鵬程廣開 其力何用,두 사람이 같이 거하니 뜻이 합하지 아니하리라 돌 가운데서 옥을 누가 능히 다듬으리오 붕정이 널리 열리니 그 힘을 어찌 쓰랴,6효   3476,身旺財旺 何憂內患 欲遷未遷 得而不失 出入未定 舍己從人,몸이 왕성하고 재물이 왕성하니 어찌 내환을 근심하리오 옮기고자 하되 옮기지 못하고 얻으매 잃지 아니하리라 출입을 정하지 못함에 몸을 놓고 사람을 좇음이라
52 風澤中孚,1효   4232,有吉無吉 見利不利 意雖得合 二心徘徊 一占陽春 枯枝得榮,길함이 있어도 길한 것이 없고 이로움을 보니 이하지 못하고 뜻은 비록 합하나 마음이 한결 같지 않도다 봄볕에 마른 나무 가지가 영화를 얻었도다,2효   4425,一得一泄 心緒多亂 淫謀遂成 圖志必成 所望雖得 費物多矣,한번 얻고 한번 새니 심란하리라 음란한 꾀로 이루다가 뜻을 이루었도다 바라는 바는 비록 얻었으나 허비할 물건이 많도다,3효   4618,初無風景 終見春光 以小生財 銅山欲圓 危氣在前 進退可歎,처음에는 풍경이 없으나 마침내 봄빛을 보리라 작은 것으로 재물을 얻으나 구리산이 둥글고자 하도다 위대한 기운이 앞에 있으니 나아가나 물러나나 탄식이다,4효   8843,魚在兩川 踟询未渡 楚漢相爭 各心有力 若不知足 得失相半,물고기가 두 내가 있어 주저하고 건너지 못하는 격이라 초와 한이 서로 싸움에 각각 힘이 있도다 만약 족한 것을 알지 못하면 득실이 상반하리라,5효   0764,如鳥焚巢 進退有谷 外人納財 堂憂必起 親戚貪財 園中一爭,새가 집을 불태웠으니 진퇴유곡이라 외인이 재물을 드리니 집에 근심이 일어 나리라 친척이 재물을 탐하여 다투도다,6효   2685,鶯豈登天 折翼且凶 花逢驟雨 五更風寒 月落高山 風動南溪,꾀꼬리가 어찌 하늘에 오르리요 날개가 부러지고 흉하리라 꽃이 소나기를 만나고 오경에 바람이 차도다 달이 높은산에 떨어지고 바람이 남계에 동하도다
53 風火家人へ,1효   6153,深林日昏 飢虎下山 以下克上 事必不成 動門不吉 先業何從,깊은 수풀에 날이 어두우니 주린 범이 산에서 나오는 격이다하가 상을 극 하니 일이 반드시 되지 않으리라 문을 동함에 좋지 못하니 선업을 어찌 좇으리오,2효   6346,紛紛世事 可惜無光 越梳上頭 散金何事 人心難益 一鏡破照,분분한 세상일이 성광없는 것이 아깝도다 빛을 머리에 올리니 손재는 어쩐 일인고 인심을 알기 어려워 거울을 깨뜨린 격이라,3효   6539,桃李暎門 怨婦在家 夫人相爭 凡事皆遲 暗窺人財 反損我物,도리가 문에 비치니 원부가 집에 있도다 부인이 서로 다투니 범사가 다 더디더라 가만히 남의 재물을 엿보면 도리어 나의 재물이 손재하리라.,4효   8844,風雲相看 聚散無常 赤壁江頭 歸鞍月滿 莫近外人 黃金盡散,풍운이 서로 만나니 모이고 흩어짐이 무상하리라 적벽 강두에 돌아가는 안장에 달이 가득하도다 외인을 가까이 하지 말라 황금이 다 홀어지리라,5효   0765,堂上堂下 憂心悼悼 六親唯助 雁宮不利 益州疲弊 玄德艱難,당상 당하에 근심이 도도하리라 육친이 오직 도움에 형제궁이 불리하리라 익주에 파리함은 현덕의 곤란이로다,6효   2686,威震南藩 赫赫雷霆 月影圓圆 終有其缺 花柳庭下 白馬貴客,위엄이 남방에 떨치니 혁혁한 우뢰와 같도다달 그팀자가 둥그니 마침내 이지러짐이 있으리라 화류 정하에 백마 귀객이라
54 風雷益,1효   7570,家道雖創 蘭庭可憂 吉神相護 有口無變 平生產業 先損後成,가도는 비록 창입하나 자궁에 가히 근심이로다 길신이 서로 보호하여 변함이 없으리라 평생 산업은 먼저는 손해로되 뒤에는 얻으리라,2효   7751,尙得威車 樂兼其安 名利得宜 雁門紅花 重到喜事 家道有昌,일찌기 위엄한 수레를 얻음에 즐거움이 겸하였도다 명리는 좋으나 형제궁에 살이 있도다 거듭 기쁜 일이 이름에 가도가 창성하리라,3효   7932,雖有創業 玉石難辨 天心難察 事無踪跡 未得科慶 安宮有災,비록 창업은 있으나 옥석을 분별하기 어렵도다 천심을 살피기 어려워서 일에 종적이 없도다 과거를 얻지 못하면 편안한데 재앙이 있으리라,4효   8293,早年荊卿 晩年張良 以行正道 雖損有益 子孫之力 高堂有樂,초년에는 형경이오 만년에는 장량이로다 정도를 행하면 비록 손재하나 유익함이 있으리라 자손의 힘으로 고당에 낙이 있으리라,5효   0094,如狂如醉 產業歎掃 宇宙悲歌 无地茫茫 失匝南城 學劍無用,미친 것 같고 취한 것 같으니 산업이 낭패하리라 우주의 슬픈 노래에 천지가 막막하도다  갑옷을 남성에 잃으매 칼 배운 것이 소용이 없더라,6효   1895,進退逢吉 田宅有光 渭水罷釣 己成功名 錦溪花發 籣庭有榮,진퇴에 길함을 만나니 전택에 유익함이 있으리라 낚시를 파하고 공명을 이루었도다 금계에 꽃이 피니 아들에 영화가 있으리라
55 重風巽,1효   9995,金剛武利 東北聲名 一振武名 身坐高車 世在其金 四海洋洋,금강무리에 동북으로 성명이 있으리라 한번 무명을 진동함에 몸이 높은 수레에 앉았도다 세상에 금이 있으니 사해에 양양하리라,2효   0188,僧道行商 樂琪爲悲 龍上靑雲 乃無其頭 先察其機 可緣安樂,중이 장사를 하니 즐거운 일이 슬픔이 되리라 용의 청운이 그 머리가 없도다 먼저 그 기미를 살피니 가히 안락을 인연 하겠도다,3효   0381,智窮力盡 疑信之間 先可修身 怡人可畏 桂月高明 赤手成財,지혜가 다하고 힘이 다하니 의심하고 믿는 사이라 먼저 몸을 조심하나 두려운 사람이 가히 두렵도다 계수나무 달이 높이 밝으니 재물을 이루리라,4효   8846,在家愁心 出外多情 一歌一發 乾坤浩蕩 有志四方 鱉浮滄海,집에 있음에 근심이오 밖에 나가면 다정하리라 노래를 함에 건곤이 호탕하도다 뜻이 사방에 있으니 새우가 바다에 뜬 격이라,5효   0767,楚齊雖得 有意兩處 白骨何罪 屈原深潭 江月三更 一成悲秋,초나라 보배를 얻기 어려움에 뜻이 두 곳에 있으니 백골이 무슨 죄냐 굴원의 깊은 못이라 달밤 삼경에 한 기러기가 가을 슬퍼하도다,6효   2688,有人相助 足過平生 家宅相生 萬物得實 二人合心 臨水弄金,사람이 도움이 있어 족히 평생을 지내리라 가택이 상생하니 만물에 열매를 얻으리라 두 사람이 합심하면 물에 임하여 금을 희롱하리라
56 風水渙,1효   1172,經營四方 事見遲速 老龍失珠 空倉無粟 小大相克 別無祥事,사방을 경영함에 일이 더디고 속함을 보리라 늙은 용이 구슬을 잃었으니 빈 창고에 곡식이 없도다 크고 작은 것이 상극하니 별로 좋은 일이 없으리라,2효   1353,鑿地千丈 黃金不出 重天壓身 三刀二木 銅山未圓 有木無花,땅을 천길을 파도 황금이 나오지 않는도다 하늘이 몸을 누르니 세 칼이 오 두나무로다 산이 둥글지 아니하므로 나무는 있어도 꽃이 없도다,3효   1534,未能斬蛇 室劎無匣 西天鴻飛 發矢不中 以下克上 家患在下,뱀을 베지 못하니 집칼이 갑이 없도다 서쪽 하늘에 기러기가 날으므로 활을 쏘니 맞지 않는도다 아래가 위를 극하니 가환이 아래에 있으리라,4효   8295,牛畊春田 池魚弄珠 貴人相助 財祿己成 一生一鍊 魚得變化,소가 봄 밭을 갈매 못 속의 고기가 구슬을 희롱하는 격이라 귀인이 서로 도우므로 재물을 이루리라 한번 생하고 한번 연마하니 고기가 변화함을 얻으리라,5효   0096,捕風捉月 立名乘世 產業居空 客驢徘徊 靑山暮雨 飢狗難吠,바람을 잡고 달을 재촉함에 이름을 세워 세상을 타리라 산업이 공에 거하니 손님의 나귀가 배회하리라 청산 저문 비에 배고픈 개가 짖기 어려우리라,6효   1897,枯木垂榮 影落水中 北虎入穽 巨海難濟 飢兒難生 馬嘶無遺,고목이 영화를 얻으매 그림자가 물에 떨어졌도다 범이 함정에 들어가니 바다를 건너기 어렵도다 배고픈 아이가 살기 어렵고 말이 울매 남는 것이 없도다
57 風山漸,1효   2973,無踪無跡 有意生財 平地得玉 其氣揚揚 門戶平安 優遊度日,종적이 없이 생재에 뜻을 가졌도다 평지에서 옥을 얻었으니 그 기운이 양양 하도다 집안이 편안하니 우유하게 날을 보내도다,2효   3154,無限動力 積小成大 武陵桃源 魚舟泛泛 家宅來克 勞心可畏,무한히 힘을 써 작은 것으로 큰 것을 이루었도다 무릉도원에 고기배가 떴도다 가택이 극하니 노심에 가히 걱정이라.,3효   3335,狂風吹東 落花泥雨 女怨必長 狂夫不歸 三人合心 往陸求鴻,광풍이 동방에 불매 꽃이 진흙에 떨어졌도다 계집에 원한이 긴데 광부는 돌아가지 않도다 삼인이 마음을 합하여 육지에 기러기를 구하는 격이라,4효   8296,病松枝上 杜鵑聲哀 若有登科 堂上有憂 子孫之事 費物無窮,병든 소나무에 두견새 소리가 슬프도다 만일 과거를 하면 당상에 근심이 있으리라 자손의 일로 손재가 무궁하리라,5효   0097,運不通泰 前程漸塞 欲折高枝 百謀欲散 雙眉一噸 淚沽靑山,운수가 통태치 않고 앞길이 점점 막히도다 높은 가지를 꺾고자 하나 백가지의 꾀가 헛되도다 쌍눈썹을 한번 찡그리니 눈물이 청산에 젖었도다,6효   1898,風雷幾得 妻子同哭 登樓去梯 有志未行 事雖不速 必愁遠程,바람과 우뢰를 만났으니 처자가 같이 울리라 높은 누각에 사다리로 오르고자 하나 뜻은 있어도 가지 못하리라일은 비록 속하지 아니하나 반드시 먼 길을 근심하리라
58 風地觀,1효   3790,財失兒失 鳴呼身世 淚添白衣 哭入靑山 是非如雲 暮遊南方,재물 잃고 아이 잃고 슬픈 신세로다 눈물은 흰옷에 젖고 울음은 청산에 들어 가도다 시비가 구름 같으니 늦게 남방에서 놀리라,2효   3959,他人之亊 無端得談 亊末致敗 金物何利 於南於北 鼠走無得,타인의 일로 무단히 득담하려라 일을 하면 끝에는 패를 보리라 금물을 어디다 쓰리오 남북으로 달아나나 별 수 없도다,3효   4128,『 莫云時晚 先否後泰 鳳凰東飛 開啄有喜 膝下之慶 外人納財,때가 늦음을 한탄하지 말라 먼저는 안 되어도 뒤에는 좋으리 봉황이 동으로 날으며 개탁함에 좋은 일이 있으며 슬하에 경사가 있고 외인에도 도움울 받으리라,4효   7745,求財利成 田土何論 父母之事 累月在憂 科星難照 財祿豊豊,재물을 구함에 이익을 얻으니 전토를 의론하라 부모의 일로 연달은 근심이 있으리 과거는 어려우나 재물은 풍부하리라,5효   9426,梅垂瓶裡 月鼸雲中 他人之害 及予我子 楚漢相對 范增虛老,매화는 병 속에 늘어지고 달은 구름에 묻히었도다 타인의 해가 아들에게 미치도다 초한이 상대하니 범중이 헛되이 늙었도다,6효   1107,靑山諦路 醸彼白雲 若無哭人 古家難守 殺在犯情 與人爭祿,청산 돌아가는 길에 저 구름을 따르는 격이요 만일 사람이 울지 아니하면 고가를 지키기 어렵도다 살이 범정에 있어 사람과 더불어 녹을 다투도다
61 水天需,1효   2312,南鳥西鳥 爭被一枝 金爐水滿 銀樹無葉 得之於南 失之於東,남방 새 서방 새가 다투어서 한 가지에 앉는도다 쇠화로에 물이 가득하고 은나무에 잎새가 없도다 남방에서 얻어 동방에 잃으리라,2효   2505,平生所營 事事遲鈍 洛橋馬驚 靑雲無光 土中復空 難得之象,평생에 경영하는 바가 사사가 더디고 둔하리라 낙교에 말이 놀라니 청운에 빛이 없도다 흙 가운데가 공하니 얻기 어려운 상이다,3효   2698,寂宽孤月 與子徘徊 古林風欺 落花無聲 功成虛場 豈無哀淚,적막한 외로운 달에 친구와 더불어 배회하리라 고림에 바람이 개이니 낙화가 소리 없도다 공을 허장에 이루니 어찌 슬픈 눈물이 없으리오,4효   9035,秋山月暗 雁影難分 金色水聲 一鬪雲場 何好富貴 其祿歸虛,가을 산에 달이 어두우니 기러기 그림자를 나누기 어렵도다 금빛 물소리에 한 번 운장에 싸우리라 어찌 부귀를 좋아하랴 그 녹이 귀허하리라,5효   0956,身杏名泰 閑處求財 江村碁雨 揉立空場 苡物締虛 所業難得,몸이 비색하고 이름이 크리니 한가한 곳에 재물을 구하리라 강촌 저문 비에 갈매기가 공장에 섰도다 만물이 귀허하니 업할 바를 얻기 어렵도다,6효   2877,寶兮土兮 欲換文章 天降漢王 一縱萬乘 只信財帛 凌人逢敗,보배와 흙으로 문장을 바꾸고자 하는도다 하늘이 한왕을 내리매 한번 만승을 놓는 격이라 다만 재물을 믿고 사람을 능멸하여 봉패하리라
62 水澤節,1효   3969,春水滿澤 必受天恩 身旺宅方 利在相生 花勝春雨 祿得其人,봄물이 못에 가득하니 반드시 천은을 받으리오 집안이 다 왕성하니 이로움은 상생함에 있더라 꽃이 봄비에 이기니 녹이 ユ 사람을 얻도다,2효   4150,明月孤舟 積苦猿懐 鳳失其雛 憂心不離 山頭草綠 月落水聲,명월고주에 외로운 원숭이의 회포로다 봉이 ユ 새끼를 잃고 근심이 떠나지 않은 격이오 산두는 푸른데 달이 떨어질 무렵에 물소리가 나더라,3효   4331,有子得榮 古樓塵淸 春意在南 小物得意 吉神來助 晚年得意,아들이 있으니 영화를 얻으매 옛집이 청결하도다 봄의 뜻이 남방에 있으니 적은 물건으로 뜻을 얻으리라 길신이 도와서 만년에 좋으리라,4효   8472,利有攸童 萬里前程 一身限擾 鳥舌蛇舌 秋雖來行 有頭無尾,이로움이 만리 전정이라 한 몸이 요란하니 새나 뱀의 혀같이 바쁘도다 가을 짐승이 행하니 머리는 있으나 꼬리는 없더라,5효   0273,生魚何事 渴澤拕人 明月在東 驚者其誰 鳥心自昼 東風銮卩,생어는 무슨 일로 마른 못에 사람을 끄는고 명월은 동에 있는데 놀라는 자가 누구이며 새의 마음이 스스로 기뻐하여 동풍이 그림을 그리는 것 같도다,6효   2074,秋風逆霜 逢災一穴 兄弟之事 財敢土空 人情相違 欲成不成,가을 바람 모진 서리에 재앙을 한 곳에 만났도다 형제의 일로 재산이 패하도다 인정이 서로 달라 일이 되고자 하나 되지 않도다
63 水火旣濟,1효   5770,求詞何處 得友枧難 子宮何事 千里相逢 琴宮未知 更唱新曲,글을 어디서 구할고 친구 얻기 어렵도다 자궁은 무슨 일로 천리에 상봉하는고 처궁을 알지 못하더라 다시 새 곡조를 부르더라,2효   5951,水火旣濟 濕氣鬱處 天祿無降 支離在蘭 千里百薆 遲遲得成,수화 기제하니 습기 울처로다 천록이 내리지 않고 지리하게 간에 있도다 천리 백 가지의 근심을 늦게야 덜리라,3효   6132,無論文武 天與其祿 進退之間 一得一喜 春回再三 家宅得喜,문무를 논하지 말라 하늘이 그 녹을 줌이로다 진퇴간에 한번 얻고 한번 기뻐 하리라 봄이 돌아오는 격이니 집안이 다 기쁘더라,4효   8473,春風入園 桃李花開 身帶文卷 田庄賣買 落紅滿地 霜加一點,춘풍이 동산에 들어오니 복숭아꽃이 피었도다 봄에 문권을 가지고 전장을 매매하도다 떨어진 꽃이 땅에 가득하니 서리가 한 점을 더하였도다,5효   0274,玉取雖掩 吳越浮家 白髮蕭蕭 上上塵生 文書之事 東西奔走,옥이 비록 가리나 오월의 허탄한 집이로다 백발이 소소한데 당상에 티끌이 생기도다 문서의 일로 동서에 분주하도다,6효   2075,文起土上 酌費漸大 若非生財 損財可期 田土之事 日夜愁心,문성이 토에서 일어나니 술을 가히 먹으리라 만약 재산이 생기지 아니하면 손재할 것이요 전토 일에 밤낮 근심하리라
64 水雷屯,1효   7067,一山重重 臨事盤桓 古木花殘 秋江明月 物散難坊 財上有意,산이 첩첩하여 일을 당함에 반환하리라 고목에 꽃이 쇠잔하니 가을 강에 명월이로다 물건 패하는 것을 안타깝게 재산에 마음만 있도다,2효   7236,運逢天地 生道莫問 功名事業 雖遲有喜 新地得光 守正不失,운은 천지를 만났으나 생도는 묻지 말라 공명 사업이 비록 더디나 기쁨이 있으리라 새 땅에 빛을 얻어 올바른 것을 지키고 잃지 말지니라,3효   7405,身陷險中 求財不成 求名不得 失物之數 猶豫未決 聊以反朱,몸이 위태함에 빠졌으니 재물을 구하되 구하지 못하고 이름을 구하되 얻지 못하니 실물할 수요 유예하다가 결단치 못하고 도리어 실수하리라,4효   7910,見喜不喜 離妻喪子 百年好緣 祿馬西鳴 隨時有用 缺月復圓,기쁨을 보아도 기쁘지 않고 아내를 이별하고 아들을 잃으니 백년 좋은 인연이 녹마가 서러워 울도다 때를 따라 쓰면 반달이 다시 둥글이니라,5효   9591,珠玉相爭 田土有論 小利難得 大謀不成 陰陽相合 晚年始生,주옥을 서로 다투니 전토의 이론이라 작은 이익도 얻기 어렵고 큰 꾀도 이루지 못하리라 음양이 상합하니 만년에 비로소 낳으리라,6효   1272,運如回春 百草俱華 心中有喜 蓮塘雨過 秋月上軒 文士之喜,운이 봄이 돌아오는 것 같으니 백초가 다 번성하리라 마음이 기쁜 것이 연못에 비가 지나감과 같도다 가을날 높은 마루에 문사의 기쁨이로다
65 水風井,1효   9372,樓閣新春 淸福成宜 佳期在夜 東月有光 金家大笑 用水得吉,누각 신춘에 복이 이루어지며 아름다운 기약이 밤에 있는데 동방에 달이 빛 나도다 금이 크게 녹는데 물을 쓰면 길하리라,2효   9553,以土成山 出外得財 時鳴東往 身關何事 綠林之財 夜来還笑,흙으로 산을 모으니 밖에 가면 재물을 얻으리라 때는 동주에 우는데 몸은 무슨 일로 관계하는고 도적의 재물은 밤이 돌아옴에 도리어 우습도다,3효   9734,荊門之下 琴酒自通 飢態在山 如獄自守 四顧無澤 失金還笑,가시문 아래 금주를 스스로 통하리라 주린 태도로 산에 있으니 옥을 스스로 지킴 같도다 사방으로 돌아봄에 덕택이 없으니 금을 잃음에 도리어 우습도다,4효   8475,田庄欲動 黃金無用 東得西失 不知其足 勤勤可得 東田有寶,전장이 동하고자 하니 황금이 소용이 없도다 동에서 얻고 서에서 잃으니 그 자취를 알지 못하리라 근근히 가히 얻어서 동의 밭에 보배를 두리라,5효   0276,二神浩湯 財物可求 散金虛場 恒在憂中 博浪神椎 所望難中,두 신이 호탕하니 재물을 가히 구하리라 금을 헛된 곳에 흩뜨리고 항상 근심 하리라 박랑의 신통한 방망이로 바라는 바를 맞추기 어렵도다,6효   2077,玉堂欲頹 哀淚南飛 有聲難啼 身守空林 紅桃有語 文閣賊入,옥당이 무너지고자 하니 슬픈 눈물이 남쪽에 나르고 소리가 있어도 울기 어려우니 몸이 공한 산을 지키도다 홍도가 말이 있으니 문각에 도적이 들리라
66 重水坎,1효   0429,深海採薪 陸地行舟 東西月急 狼忽狽起 口舌隨後 路險難行,깊은 바다에 나무를 구하고 육지를 배로 행하는 격이라 동서에 급함이 있는데 홀연히 낭패가 생기도다 구설이 뒤를 따라 길이 험하여 가기 어려운 격이라,2효   0598,身涉重灘 財横身厄 靑山淚耶 高堂淚耶 天涯路長 徐徐有得,몸이 거듭 여울을 건너매 재물과 신액이 있도다 청산에 눈물이냐 고당에 눈물이냐 하늘같이 먼 길을 서서히 가면 얻음이 있으리라,3효   0767,水火何坊 子孫難養 身登險山 車破船敗 家神發動 鵞雀焚巢,수화를 어찌 막으리요 자손을 기르기 어렵도다 몸이 험악한 산을 오름에 수레가 파하고 배가 파하였도다 가신이 발동하고 연작이 집을 태우는 격이다,4효   7912,十年所營 眼前無成 莫嘆事遲 西人有欺 楚竿立水 終得基平,십년 경영한 일을 눈앞에 이루지 못 하도다 일이 늦음을 한탄 말라 서인이 속이리라 초나라 낚시대를 물에 세우니 마침내 기평을 얻으리라,5효   9593,客裡多煩 春夢不成 雖有小憂 登高不憂 五月渡江 行止草草,객리에 일이 많음에 봄 꿈을 이루지 못하리라 비록 조그만 근심이 있으나 높은데 오르면 근심치 아니할 것이다 오월에 강을 건너매 초조하도다,6효   1274,利見山水 秋月春風 佳人一悲 落紅滿地 西風捲樹 無人採枝,이로움을 산수에 보매 가을달이 봄바람 같도다 아름다운 사람이 한번 슬퍼함에 꽃이 땅에 가득하도다 서풍이 나무에 불매 ユ 가지를 칠 사람이 없더라
67 水山蹇,1효   2110,蹇驢靑山 無子誰害 移運不吉 散在他鄕 門神逢空 灾變如麻,절룩이는 나귀 청산에 아들 없음은 뉘 해인고 이사하면 불길하여 타향에 산재하리라 문신이 공을 만나니 재변이 충생하리라,2효   2279,身否力盡 九鼎難擧 散金入火 其勢不久 蘭庭出秀 風褒相侵,몸이 비색하고 힘이 다하니 구정을 들기 어렵도다 금을 흩치어 불에 넣으니 그 형세가 오래지 아니하리라 난정이 빼어나니 바람이 서로 침노하는도다,3효   2448,躕庭横厄 晝夜勞心 陰庭是非 隱密之事 木逢衆金 膝下百憂,매의 횡액은 주야로 심함이로다 음정의 시비는 은밀한 일이로다 나무가 여러 쇠를 만나니 슬하에 일백 가지의 근심이로다,4효   7913,小變如兄 於恩人受 莫問生道 世業保命 往東己誠 產業無凶,조그마한 변이 형 같은 데 있으니 은인에게 받으리라 생도를 묻지 말라 세업을 보전하리라 동에 가서 정성을 드리면 산업에 흉함이 없으리라,5효   9594,水變爲地 田土有利 三人同心 弄金赤箱 靑雲古道 白髮揚揚,물이 변하여 땅이 되니 전토에 이가 있으리라 삼인이 동심하매 금은 적상에 희롱하리라 청운 옛 길에 백발이 양양하리라,6효   1275,二人同心 北戰見敗 功名之場 有聲無功 勿貧商場 横財可處,두 사람이 합심하면 북방 싸움에 패하리라 공명 마당에 소리 있어도 공이 없으리라 장사를 탐하지 말라 횡재가 가히 허사리라
68 水地比,1효   2807,龍吟渴海 病松其珠 狂風忽起 營事多魔 若無官憂 採薪何堪,용이 마른 바다에 읊조리니 병든 소나무가 그 구슬이로다 광풍이 홀연히 일어나니 경영하는 일이 마가 많으리라 만일 벼슬의 근심이 없으면 나무함을 어찌 견딜고,2효   2964,擘龍附鳳 任金調玉 身登玉堂 五福兼全 貴人必助 手弄千金,용을 붙잡아 봉에 붙이며 금을 맡기어 옥을 고르리라 몸이 옥당에 오르니 오복이 겸전하리라 귀인이 반드시 도와서 손으로 천금을 희롱하리라,3효   3121,口舌之場 劍厄恐懼 霜龍褰虎 恨無其水 雖曰忠良 失志奈何,구설하는 마당에 칼이 두렵도다 용을 그리고 범을 그리매 그 물 없는 것이 한이로다 비록 충량하다 하나 뜻을 잃었으니 어찌할고,4효   7350,無端風雨 夜摧花林 枕上悲歌 心中亂魔 荊被天山 膝下哀淚,무단한 풍우가 밤에 화림을 재촉하는도다 침상의 슬픈 노래가 심중에 어지러운 바로다 가시가 천산을 입히매 슬하에 슬픈 눈물이 있으리라,5효   8911,雲鶴齊飛 必受恩澤 花柳之場 莫惜相別 平生所業 僅僅自生,구름학이 날으매 반드시 은택을 받으리라 화류지장에 서로 이별함을 아끼지 말라 평생의 업하는 바는 근근히 살으리라,6효   0472,花堂塵生 一添哀淚 雖云正心 赤手奈何 樂而無功 憂而有功,화당에 티끌이 생하니 한 번 눈물을 더하리라 비록 마음은 바르나 적수를 어찌할고 즐거워함에 공이 없고 근심함에 공이 있으리라
71 山天大畜,1효   2313,二人隨後 勞力無効 子孫之事 以物換重 用金辱貴 發賤之狀,두사람이 뒤를 따르니 노력하되 효력이 없도다 자손의 일은 물건으로 중한 것을 바꾸어라 돈을 써서 귀하기를 구하는 것은 천한 상이라,2효   2506,平生所事 落眉之患 花頭入笑 可憐身世 石心不堅 事事不利,평생 일한 바가 낙미지환이라 꽃 머리에 웃으니 가련한 신세로다 돌이 단단치 않은 격이니 일에 이롭지 못하리라,3효   2699,姻綠相遇 立弇錄大 功名富貴 可得志機 千里相贈 是何寶耶,인연이 서로 만나니 벼슬이 높고 녹이 크리라 공명으로 부귀하여 가히 뜻을 얻으리라 천리에 서로 주는 것이 어찌한 보배인고,4효   9228,春深玉樹 日煖旋旗 往東得物 揚名可期 外倉貯寶 手弄千金,봄은 꽃나무에 깊고 날은 정기에 따뜻하도다 동방에 가서 물건을 얻을 것이요 이름 날리기를 가히 기약하리라 창고에 보배가 쌓였으니 천금을 희롱하리라,5효   1149,善養有光 世稱孝烈 功高得重 可輔士民 事君道忠 位臨三台,잘 봉양하면 영양이 있고 효열을 이루리라 공이 높고 덕이 중하니 가히 백성을 도우리라 임금을 충성으로 섬기며 벼슬이 삼공에 이르리라,6효   3070,莊子餘懷 阮籍猖狂 蘭庭泣雨 疾病可畏 堂上何憂 日月不長,장자의 남은 회포요 완적의 미침이라 자식궁에 울음이 비 같으니 질병이 두렵도다 당상에 무슨 근심인고 일월이 길지 않도다
72 山澤損,1효   3970,天涯涕淚 一身無後 悲歌在山 雨打江竹 膝下何憂 蒙以未發,돌아서서 눈물을 홀리니 한 몸에 뒤가 없도다 슬픈 노래가 산에 있으니 비가 강의 대를 치도다 슬하에 무슨 근심인가 어려서 발하지 못한다,2효   4151,靑氈世業 何事破之 衆土居門 食之無餘 意在兩處 分子之像,청전에 세업은 어찌하여 파하였는고 중토 가문에 거하니 먹고 남음이 없도다 뜻이 두 곳에 있으며 아들을 나눌 상이다,3효   4332,臨船白江 時雨順風 東風吹花 必受其澤 家宅不吉 憂患連綿,배가 강에 임함에 바람이 순하더라 동풍이 꽃에 부니 반드시 그 은혜를 받으리라 가택이 불길하니 우환이 있으리라,4효   8653,殘花枯木 不知春風 東方之事 損土可期 憂心日生 無得其失,쇠잔한 꽃 마른 나무가 봄바람을 알지 못하도다 동방의 일로 손재를 할 것이오 근심이 날로 생하고 그 잃은 것은 얻지 못하리라,5효   0454,才逢絕處 逆旅驚魂 每事遲鈍 家空無物 長津徘徊 白衣吊山,겨우 절처를 만나 지나가는 객이 놀라도다 매사가 안 되어 집이 비고 물건이 없도다 장진에 배회하다가 흰옷으로 산에 조하리라,6효   2255,雖欲求財 事不穩當 用之何處 恒在憂中 木姓同心 狼狽可期,비록 재물을 구하고자 하나 일이 온당치 못하도다 어디에 쓰는고 항상 우환 중이로다 목성과 같이 하면 낭패하리라
73 山火貰,1효   5771,龍澤水渴 虎林風驚 我生家宅 先勞後益 奔走四方 勞勞小得,용이 못물이 마르고 범이 수풀에서 바람에 놀래고 내가 가택을 생하니 먼저는 수고롭되 뒤에는 유익하리라 사방이 분주하나 수고하면 조금 얻으리라,2효   5952,春花再發 事事沈沈 天意合心 好文才生 時運明陽 四海平安,봄빛이 두 번 피니 사사가 침체하리라 천의가 마음에 합하여 좋은 문재에 재물이 생하리라 운수가 양명하니 사해가 편안하도다,3효   6133,嗇鳳書虎 金蘭有香 潤色倍僧 門戶多喜 木旺之年 揚名之狀,봉을 그리고 범을 그리니 난초에 향기가 있도다 윤택함이 배나 더하니 가문에 기쁨이 많으리라 목이 왕하는 해에 이름을 날리리라,4효   8654,百事不成 空手搖扇 在家不利 出外有益 曲直相半 心事可察,백사가 되지 아니하니 빈손으로 부채를 흔들도다 집에 있으면 불리하고 밖에 나가면 유익함이 있으리라 구부러지고 곧은 것이 상반하니 심사를 살펴보라,5효   0455,一事在口 損在可期 一物歸虛 長久勿失 雖有堂憂 明月更圓,한 일이 입에 있으니 손재하리라 물건이 헛된 데로 돌아가니 오래도록 잃지 말라 비록 부모에게 근심이 있으나 명월이 다시 둥글이리라,6효   2256,立節揚名 束帛錢錢 山月重圓 顏色照然 田畝之事 喜氣洋洋,절을 세워 이름을 날리며 폐백이 전전하리라 달이 거듭 둥글며 얼굴빛을 비침 이오 전토일에 기쁨이 양양하리라
74 山雷頤,1효   7068,觀光落魂 探花損神 一場春夢 非夜初月 佳人一笑 黄金盡散,관광하다 혼이 떨어지고 꽃을 탐하다가 정신을 잃었도다 일장춘몽이 밤이 아닌 초승달이라 가인이 한번 웃으면 황금이 다 흩어지리라,2효   7237,分花東西 一身勞勞 女抱花影 金食甚凶 進退無常 紅顔虛步,꽃을 동서에 분하다가 한 몸이 수고 스러우리라계집이 꽃 그림을 안았으니 금식이 심히 흉하리라 진퇴가 무상함에 홍안이 헛되이 가도다,3효   7406,好運不通 馬卿多病 四方徘徊 事必無期 花落顚倒 女家無日,좋은 운수가 통하지 않고 말에 병이 많으니 사방에서 배회하되 일이 기약이 없으리라 꽃은 떨어지고 넘어지니 외입함이 날이 없으리라,4효   8079,錦衣夜行 營財未得 山前日暮 空樓月入 木雪紛紛 悲淚一散,비단옷을 입고 밤길 가는 격이오 경영하는 일은 얻지 못하고 산앞에서 날이 저물고 빈 누각에 달이 비치도다 목설이 분분하니 한번 눈물을 흘리리라,5효   9760,威福雖檀 所恨蘭庭 上下相從 進退不安 夢見魚浮 心亂不定,위엄과 복이 비록 수단하나 한하는 바는 자식궁이라 상하를 상종하며 진퇴에 불안하도다 꿈에 물에 고기 뜨는 것을 봄에 마음이 심란하여 좋지 못하리라,6효   1441,臨山臨水 萬物始生 泛舟歸波 財利雙全 功名可成 春風花笑,산을 임하고 물을 임하니 만물이 소생함이라 배를 돌아가는 물결에 띠우니 재리가 쌍전하리라 공명을 가히 이룸에 봄바람에 꽃이 웃는 격이라
75 山風蠱,1효   9373,採花東林 美哉春風 幾至半途 受人恩澤 財福生身 得財洋洋,꽃을 동쪽 풀속에서 캐니 아름다운 봄바람이로다거의 반길을 가매 사람의 은덕을 받으리라 재복이 몸에 생하니 재물이 양양하도다,2효   9554,宦海賊縱 横厄滋甚 奔走四方 有機無成 二人同心 不顔家產,벼슬 길에 역적이 방조하여 횡액이 자심하리라 사방이 분주하여서 기회는 있으나 이루기 어렵고 두 사람이 합심하여 가산을 돌보지 않도다,3효   9735,極力艱難 長愁白髮 白玉無光 有愁無得 一故一生 門設空堂,힘을 다해도 어려우니 길게 근심하여 백발이로다 백옥이 광채가 없으니 근심이 있어 얻음이 없으리라 한 연고가 생함에 문을 빈집에 베푼 격이라,4효   8656,暗珠作孽 何事抱病 兩心難察 困馬南渡 家故連縞 憂遊度日,은근한 구슬이 죄를 지어 무슨 일로 포병하였는고 두 마음을 알기 어려운데 곤한 말이 남방으로 건너드라 집안에 연고가 있으니 근심으로 나날을 보내도다,5효   0457,早失萱堂 自手成家 陰陽相生 膝下有慶 己成良謀 晚年得安,일찌기 혼당을 잃고 자수 성가하리라 음양이 상생하니 자식에게 경사가 있으리라 이미 어진 꾀를 이루면 만년에 편안하리라,6효   2258,印物傷我 榮辱幾時 月色未明 夫婦歸虛 心事難知 東人楚越,인끈이 나를 상하니 영욕이 몇 때나 되는가 월색이 밝지 못한데 부부가 헛되이 돌아가리라 심사를 알기 어려워 동인이 초월 같도다
76 山水蒙,1효   0430,蛇失其所 號于中夜 遊於山水 損財可期 杜鵑啼血 月枝空染,뱀이 그 곳을 잃고 밤에 우는 격이라 산수에 놀면 가히 손재하라라 두견의 우는 피가 부질없이 달가지에 물드는도다,2효   0599,先墓之事 中心査査 家無主神 營事多件 飛鳥欲摘 風枝搖搖,선묘의 일로 중심이 울울하리라집에 주신이 없으니 경영하는 일이 많으리라 나는 새가 떨어지고자 하니 바람 가지가 요요하리라,3효   0768,背明向暗 不見好日 山林逢風 其葉盡落 出外多喜 在內心亂,밝은 곳을 등지고 어두운 곳을 행하니 좋은 날을 보지 못하리라 산림이 바람을 만나 그 잎새가 다 떨어지리라 밖에 나가면 기쁜 일이 많고 안에 있으면 심란하리라,4효   8081,父母之事 一哭靑山 鼠入北國 膝下有慶 晚年之數 外人納財,부모의 일로 한번 청산에 울리라 쥐가 북으로 들어가는 격이니 슬하에 경사 있으리라 만년의 수는 외인이 재물을 들이리라,5효   9762,財場得勢 一門不睦 天人欲助 虚名遠聞 非禮欲取 君子不爲,재물이 세를 얻으면 하나의 문이 화목치 못하리라 천인이 돕고자 함에 허명이 널리 들리리라 예가 아닌 것을 취하는 것은 군자는 하지 않느니라,6효   1443,善養父母 名聞一國 金柱不折 家道平平 月在鶉首 膝下小憂,부모를 잘 봉양하여 이름이 일국에 들리리라 금 기둥이 꺾어지지 아니하니 가도가 평평하리라 달이 새 머리에 있으니 슬하에 조그만 근심이 있으리라
77 重山艮,1효   2111,重水連疊 無舟難行 雖有得財 風波忽起 山燈忽前 淚水一點,물은 많은데 배가 없어 가기 어렵도다 비록 재물은 얻으나 풍파가 일어나리라 산 등잔이 앞을 당하니 눈물 한점이로다.,2효   2280,莫恃藝術 時事委迤 吉事之頭 東西奔走 膝下之運 花落空林,재주를 믿지 말고 일을 위이 할지어라 길한 일 끝에 동서에 분주하리라 슬하의 운수가 꽃이 핀 수풀에 떨어지는 격이다,3효   2449,三金影聚 心緖紛紛 其根豫防 凶變其祥 金火相逢 可成其器,삼금이 모임에 마음이 분분하리라 그 뿌리를 미리 막으면 흉함이 변하여 상서가 되리라 금화가 상봉하였으니 가히 그 그릇을 이루리라,4효   8082,月落三更 運否離南 棣宮淚耶 北堂淚耶 家宮一散 平生所恥,달이 삼경에 떨어지니 운수가 굴러서 남방으로 떠나리라 형제궁에 눈물이냐 부모궁에 눈물이냐 부부가 한번 흩어지면 평생의 부끄러움이니라,5효   9763,功名有日 磨劍待時 言雖正中 事多遲違 莫歎時晚 金器有用,공명이 때가 있어 칼을 갈고 기다리도다 말이 비록 정중하나 일이 더디도다 때 늦음을 한탄 말라 금 그릇이 소용이 있으리라,6효   1444,早知出處 英雄好事 陰金同居 良友契合 快脫紅塵 事事得吉,일찌기 갈 곳을 알아서 영웅이 일을 좋아 하리라 음금이 동거하니 어진 친우가 정이 좋도다 쾌히 티끌을 벗어남에 일이 길함을 얻으리라
78 山地剝,1효   2808,商山石果 逢秋難摘 經營入虚 事事耗敢 林間生涯 但望秋實,상산의 돌 과실을 가을에도 따기 어렵도다 경영이 허사라 매사가 다 되지 아니하리라 산중 생애가 단지 가을 과실만 바라도다,2효   2965,死地得生 父母之恩 人云金谷 外渴奈何 北伐未勝 西往得功,사지에 살기를 얻었으니 부모의 은혜로다 다른 사람은 금곡이라 하나 밖으로 목마른 것을 어찌할고 북벌하려다가 이기지 못했으니 서방으로 가면 공을 얻으리라,3효   3122,初雖敗散 終得運回 是非之場 手執文券 親朋自南 臨亊不變,처음은 비록 낭패하나 끝에는 운수가 열리리라 시비하는 마당에 손에 문권을 잡았도다 친구가 남으로부터 일을 당하여 변치 아니하리라,4효   7507,經火之後 家神逢空 俳徊宇宙 空然落羽 赤壁火攻 曹操無功,불이 지난 뒤에 가신이 공을 만났도다 우주를 배회하다가 공연히 날개가 떨어졌도다 적벽 불 싸움에 조조가 공이 없도다,5효   9068,遊雲似蟬 推勢彼惶 田土散亡 財損非一 疾病何維 堂上白髮,구름이 매미와 같으니 가히 두렵도다 전토가 흩어지고 손재가 많으리라 질병은 어찌하여 당상 백발에 있는고,6효   0629,純陽博陰 動墳何事 北人甚奸 爭財越國 雨路東天 移花培根,양이 음을 치는데 뫼를 움직임이 어쩐 일인가 북인이 심악하여 재물을 다투리라 비오는 하늘에 꽃을 옮기고 뿌리를 북돋음 같도다
81 地天泰,1효   2170,千里江湖 無得徘徊 樂先悲後 喪明敗人 口舌隨後 謀不成亂,천리 강호에 얻음이 없고 배회하리라 먼저는 즐겁고 뒤에는 슬프니 상명하여 패한 사람이다 구설이 뒤에 따르니 꾀를 이루지 못하고 패하리라,2효   2351,寂寞孤月 與子徘徊 古林風歇 落花無聲 功成虛場 豈無哀愁,적막한 외로운 달에 친구와 더불어 배회하는 격이라 고림에 바람이 개이니 떨어진 꽃이 소리 없도다 공을 허장에 이루니 어찌 근심이 없으리오,3효   2532,先孩夢格 更覔舊墓 蘆月蘋風 雁鬪沙場 和風三月 離子他鄕,선령이 꿈에 이르니 다시 구묘를 찾으리라 노월 빈풍에 기러기가 사장에 싸우는 격이라 화풍 삼월에 아들을 타향에 떠나보내리라,4효   8833,秋山月暗 雁影難分 金色水聲 一鬪雲場 何好財祿 奇祿歸虛,가을 산에 달이 어두우니 기러기 그림자를 나누기 어렵도다 금빛 물소리에 한 번 운장에 싸우리라 어찌 재록을 좋아하리요 기이한 녹이 헛된 데로 가리라,5효   0634,身否名泰 閑處求財 江村暮雨 鷺立虛場 萬物歸虛 所業難望,몸이 비색하고 이름이 크니 한가한 곳에서 재물을 구하리라 강촌 저문 비에 갈매기가 허장에 섰도다 만물이 귀허하니 업할 바를 바라기 어렵도다,6효   2435,寶兮土兮 欲換文章 天降漢王 一縱萬乘 只信財物 凌人逢敗,보배냐 흙이냐 문장을 바꾸고자 하는도다 하늘이 한왕을 내리니 한번 만승을 놓는 격이라 다만 재물만 믿고 사람을 능멸히 하여 패함을 만나리라
82 地澤臨,1효   3707,一身丕塞 未得其意 彈琴蓮堂 不遇其音 所恨何事 病人膛骨,일신이 비색하여 ユ 뜻을 얻지 못하리라 거문고를 연당에 타매 그 소리를 만나지 못하였도다 한하는 바는 무슨 일인고 병이 골수에 들었도다,2효   3876,居家則富 居官則貴 積功乃用 名利雙全 古園月明 琢石求玉,집에 거하면 부하고 벼슬에 거하면 귀하리라 공을 쌓은 것을 이에 씀에 이름과 이가 쌍전하리라 고원에 달이 밝으니 돌을 쪼아 옥을 구하였도다,3효   4045,洋洋春水 變作哀淚 在家愁心 出外有喜 雖欲活心 付空奈何,양양한 봄물이 변하여 눈물을 짓는도다 집에 있으면 근심이요 밖에 나가면 기쁨이로다 비록 살고자 하는 마음은 있으나 공에 붙었으니 어찌할고,4효   8246,秋起分外 累名難脫 智大謀奇 春園春花 雖有成財 損多生少,가을이 분수 밖에 일어나니 누명을 벗기 어렵도다 지혜가 크고 꾀가 기이하니 봄동산에 꽃을 구경하는 격이라 비록 재물은 이루나 손재는 많고 생함은 적으리라,5효   9927,水滴澤中 松竹凌雪 身高門戶 鄕祿入門 隱厄何免 莫猜外人,물이 못 가운데 방울하매 송죽이 눈을 능멸히 하는도다 몸이 문호에 높으니 녹이 문호에 들어오리라 은액을 어찌 면할고 외인을 의심치 말라,6효   1608,落木雖春 風雨奈何 狂風急起 難渡大海 產業盡散 萬物無心,낙목이 비록 봄이나 풍우를 어찌할고 광풍이 급히 일어나니 대해를 건너기 어렵도다 산업이 다 흩어지매 만물이 무심하도다
83 地火明夷,1효   5388,山澤列地 天水奈何 白鶴愁雨 有翼難飛 心多勞費 鬚髮星星,산택이 땅에 벌렸으니 천수를 어찌 할고 백학이 비를 근심하여 날개가 있어도 날지 못하는 격이라 마음이 수고함이 많아 백발이 성성하도다,2효   5557,明月滿樓 雲暗風捲 雲散霧散 心馳意忙 每每遲滯 可望晚景,명월이 누각에 가득함에 구름이 암암하고 바람이 거두도다 구름이 홀어지고 안개가 흩어지니 마음과 뜻이 바쁘도다 매양 일이 더디매 만경을 바라리라,3효   5726,鴻鵠雖羽 魚網難免 祿馬欲求 鄕郭虛名 一片移雲 欲移聖宮,기러기가 비록 날개가 있으나 그물을 어찌 면할고 녹마를 구하고자 함에 고향이 헛 이름이라 한 조각 구름이 성궁에 옮기고자 하드라,4효   8247,恐有悲復 一登尊祿 七縱七擒 諸葛高名 微金入火 其勢不久,슬픔이 있을까 두려우나 한 번 높은 녹에 오르리라 일곱번 놓고 일곱번 잡으니 제갈량의 이름이라 조그마한 금이 불에 들어가니 그 형세가 오래지 않도다,5효   9928,宦成家隨 孤舟萬里 財來生世 與人同心 得財非苦 白髮誰非,벼슬을 함에 집이 따르니 외로운 배 만리더라 재물이 나를 생하니 사람으로 더불어 마음을 같이 하라 재물 얻기가 수고롭지 아니하리니 백발이 누구인고,6효   1609,一足登船 其厄可知 一人二心 三葉五枝 經營何事 無得有失,한 발로 배에 오르니 ユ 액을 가히 알리라 한 사람이 두 마음이요 세입 오지라 무슨 일을 경영하든지 얻은 것은 없고 잃은 것이 있으리라
84 地雷復,1효   6565,哀淚如沾 害在兩處 渡水踟蹰 憂上憂下 身運丕塞 身多横厄,눈물이 젖는 것 같으니 해가 두 곳에 있으리라 물을 건너되 주저하니 위와 아래를 근심하는도다 신운이 비색하여 몸에 횡액이 많으리라,2효   6722,玉堂金谷 晩年得意 買賣南北 憂樂相半 爭家何事 二蛇一穴,옥당 금곡에 만년에 뜻을 얻으리라 남북에 매매함에 근심과 즐거움이 상반하리라 집을 다툼은 무슨 일인고 두 뱀이 한 구멍이로다,3효   6879,秋凰古林 先破後得 生多克少 困後得吉 狐借虎威 欲登靑雲,추풍고림에 먼저는 파하되 뒤에는 얻으리라 생함은 많고 극함은 적으니 곤한 후에 길하리라 호가 범의 위엄을 빌려 청운에 오르고자 하는 격이라,4효   7660,數退初年 子孫難望 龍無其珠 豈登靑雲 遊魚困水 有聲無功,수가 초년에 그르니 자손을 바라기 어렵도다 용이 그 구슬이 없으니 어찌 청운을 바라리오 노는 고기가 물에 곤하여 소리가 있어도 공이 없도다,5효   9221,直針釣魚 終日無得 偁失其志 南歸一笑 一身之勞 所事何謀,곧은 낚시로 고기를 낚으니 종일토록 얻음이 없으리라 우연히 그 뜻을 잃고 남방에 돌아가 한 번 웃으리라 한 몸의 수고함은 일하는 바 무슨 계교인고,6효   0782,六害從前 恐被句連 中心欝欝 枕上有愁 貴祿欲求 苽花未落,여섯 가지의 해가 앞을 좇으니 구련을 입을까 두려운지라 중심이 울울하여 벼개 위에 근심이 있으리라 귀한 녹을 구하매 외꽃이 떨어지지 아니하였도다
85 地風升,1효   8750,立功揚名 雨汶蘭庭 東顧西顕 必見狐疑 孟嘗出野 鷄鳴西關,공을 세워 이름을 날리나 비가 난정에 울더라 동서를 돌아보아도 의심이 있고 맹상군이 들에 나감에 닭이 서관에서 울더라,2효   8919,天里有光 得玉之像 上下有樂 萬里名聲 楊州日白 腰帶黃金,천리에 광채가 있으니 옥을 얻을 상이라 상하에 즐거움이 있으니 만리에 이름이 나리라 양주에 날이 희니 허리에 황금을 차리라,3효   9088,耕雲釣月 己酉難偕 有志四方 空木無根 一分未分 白壁有缺,구름을 갈고 달을 낚시질하는 격이니 부부 해로하기 어렵다 뜻을 사방에 두나 빈 나무에 뿌리가 없고 일분도 나누지 못하니 흰벽에 흠이 있도다,4효   8249,舊江魚躍 黃鳥爛色 以小成大 進其田庄 天馬入周 西州有錄,옛 강에 고기가 뛰고 꾀꼬리가 빛을 찬란하게 하고 적은 것으로 큰 것을 이루니 전장을 늘리리라 천마가 주나라에 드니 서주에 녹이 있으리라,5효   9930,財魔誤身 養子有害 千斤壓身 殘林逢秋 離別何事 千里送人,재물이 마의 몸을 그르쳐서 양자한 아들이 해가 있으리라 천근이 몸을 누르니 쇠잔한 수풀이 가을을 만났도다 이별이 어찌된 일인고 천리에 사람을 보내리라,6효   1611,平生資才 豪俠男兒 於東於西 無往不利 如此有得 厄運何事,평생의 자본인 재주가 있는 호협 남자로다 동이나 서에는 이롭지 아니 함이 없도다 이와같이 얻음이 있는데 액운은 어찌 된 일인고
86 地水師,1효   9687,堯舜之心 大澤觀魚 出塞臨陣 征伐之像 萧墻之禍 心中鬱鬱,요순의 마음으로 큰 물에 고기를 보는 격이라 변방에 나가 진을 임하니 정벌 지상이오 소장지화로 심중이 우울하도다,2효   9844,蛇得其穴 有誰我知 天風下地 順德致平 芳草耶壇 春夢一驚,뱀이 구멍에 있으니 누가 나를 알리오 땅에 내리매 순한 덕이 평평함을 이루도다 방초 화단에 봄 꿈은 한 번 놀래도다,3효   0001,進退皆憂 毚尸必至 不中不正 吉必成凶 心雖專一 奇功何望,나아가나 물너가나 근심인데 상여가 반드시 이르리라 곧음을 행하지 아니하면 길한 것이 흉하게 되리라 마음은 비록 한결 같으나 공을 어찌 바라리오,4효   7662,威興福階 十萬精兵 一時之意 得財還城 事在南北 春氈難守,위엄이 복계에 일어나니 십만 정병이라 한때 뜻으로 재물을 얻고 성에 돌아 오리라 일이 남북에 있으니 봄 자리를 지키기 어렵도다,5효   9223,雪傷無花 春花結實 江山之東 梅月分明 東西之間 以文得寶,눈에 상하여 꽃이 없다가 봄꽃이 열매를 맺도다 강우에 매화와 달이 분명하고 동서간에서 글로서 보화를 얻으리라,6효   0784,初泰後困 世業流水 勞心勞力 衣食足足 若無之足 吉變有凶,처음은 편안하나 뒤에는 곤란하고 세업은 유수 같으리라 노심 노력하면 의식이 족하리라 만일 족한 것을 알지 못하면 도리어 흉하리라
87 地山謙,1효   1248,天人相合 買質盡利 運宮克世 得財還失 失子難養 恒在憂中,천인이 상합하니 매매함이 다 이로우리라 운궁이 세를 극하니 재물을 얻되 도로 잃으리라 잃은 자식을 기르기 어려워서 항상 근심하리라,2효   1405,高山植木 逢風自枯 琴宮太虚 孤獨無依 有處憎人 死亡必至,높은 산에 나무를 심으니 바람을 만나 스스로 마르는도다 금궁이 허하고 고독하여 의지할 곳이 없으리라 사람을 미워하면 사망이 반드시 일어난다,3효   1562,良馬伏櫪 伯樂知價 鴈庭克身 不陸何事 水聲比和 家多離別,좋은 말이 복역하니 백락천이 값을 아는도다 형제궁이 몸을 극하니 불목한 것이 무슨 일인고 수성이 비화하니 집에 이별이 많으리라,4효   7663,二陰雖好 無聲難得 財上同心 與誰相分 金玉分影 以大易小,두 음이 비록 좋으나 소리 없는 것을 얻기 어렵도다 재상이 마음을 같이 하니 누구와 더불어 서로 나눌고 금옥이 그림자를 나누니 큰 것으로 작은 것을 바꾸리라,5효   9224,鳳啄何粟 鷄失其侶 外物雖好 先得後失 雖得貴祿 三憂不長,봉이 무슨 곡식을 쪼으며 닭이 그 짝을 잃은 격이라 외물이 비록 좋으나 먼저는 얻어도 뒤에는 잃으리라 비록 귀한 녹을 얻으나 삼우가 불장하리라,6효   0785,上人恩德 自幼少缺 運入土中 爭土何事 心中氣準 外人難合,윗사람의 은덕이 어려서부터 조금 이지리지리라 운궁이 토에 들어가니 쟁토함은 무슨 일인고 심중이 기준하니 외인을 합하기 어려우리라
88 重地坤,1효   1825,先業來生 終得其吉 天意己合 必蒙上思 東花有光 順德之昌,선업이 생하니 마침내 길함을 얻으리라 천의가 기합하니 반드시 위의 은혜를 입으리라 동녘 꽃이 빛이 있으니 덕을 순하여 창성하리라,2효   1970,器物空陷 運數則退 千里遠程 膝下之病 將軍己老 工業何求,그릇에 물건이 없으니 운수가 물러가리라 천리 먼 길 슬하에 병이 있으리라 장군이 이미 늙었으니 공업을 어찌 이루랴,3효   2115,事在兩處 相分相克 天時地理 淚沽白雲 蛟龍相戯 中道治敗,일이 두 곳에 있으니 서로 나누어서 극하리라 천시 지리가 눈물이 백운에 젖으리라 교룡이 서로 희롱하니 중도에 치패하리라,4효   7076,要舟食雲 先樂後悲 六水來克 田土有事 萱堂雲暗 雁影分飛,배를 요구하여 구름을 먹으니 먼저는 즐거워하고 뒤에는 슬프리라 물이 와서 극하니 전토에 일이 있으리라 부모궁에 구름이 어두우니 형제가 서로 나뉘리라,5효   8517,上人離合 隱厄何避 時運丕塞 黃金影散 以上克下 御厄在上,윗사람이 떠나고 합하니 은액을 어찌 피하라 시운이 비색하여 황금이 흩어 지리라 위가 아래를 극하니 액이 위에 있으리라,6효   9958,加任帶祿 釆斗馬躍 洛陽春城 好事彬彬 莫凌外人 鏡面塵生,벼슬을 더하고 녹을 띠니 볏말에 말이 뛰는도다 낙양 봄 성에 좋은 일이 빈번하리라 외인을 능멸하지 말라 거울에 티끝이 생하리라